CollectionId,Location,Date,Status,FieldAgent,Do you consent to participate in this survey?,Q1\. Age,Q2\. Gender,"""Q3\. In an average month, roughly how much do you personally spend on non-essential items (entertainment, dining out, personal care, gadgets, etc\.)?""","""Q4\. Who is the primary decision-maker for major household purchases (appliances, electronics, vehicles)?""",Q5\. How often do you choose branded/premium products over cheaper generic alternatives?,Q6\. Highest level of education completed,Q7\. Employment status,Q8\. Occupation category of the chief income earner in your household,Q9\. Housing tenure,Q10\. Which of these does your household currently have? (select all that apply),Q11\. Household monthly income bracket,Q12\. How many people (including you) depend on this household income?,Q13\. State of residence (where you currently live?)
385523216,"7.2117491, 5.5671426","Aug 25th 2026, 12:40 pm",pending,Dee,"""yes""","""55–64""","""Prefer not to say""","""₦10,000 – ₦29,999""","""I decide alone""","""Sometimes""","""Secondary""","""Self-employed / business owner""","""Middle management / skilled / supervisory""","""Own home — flat/apartment""","Cable/satellite TV (DSTV, GOtv, etc.)
Refrigerator
Air conditioner
Generator
Car","""₦50,000 – ₦150,000""","""3–4""","""Ebonyi"""
289939272,"4.7439841, 7.0980034","Aug 25th 2026, 1:57 pm",pending,Dee,"""no""","""18–24""","""Male""","""₦30,000 – ₦69,999""","""I decide alone""","""Sometimes""","""Secondary""","""Employed full-time""","""Middle management / skilled / supervisory""","""Rented — flat/apartment""","Refrigerator
Computer/laptop
Smartphone","""₦50,000 – ₦150,000""","""1–2""","""Rivers"""
245106674,"4.74383, 7.0982517","Aug 25th 2026, 2:10 pm",pending,Dee,"""yes""","""35–44""","""Female""","""₦10,000 – ₦29,999""","""Another household member/head decides""","""Sometimes""","""OND/NCE""","""Employed part-time""","""Junior staff / semi-skilled""","""Rented — flat/apartment""","Cable/satellite TV (DSTV, GOtv, etc.)
Computer/laptop
Refrigerator","""₦50,000 – ₦150,000""","""3–4""","""Cross River"""
23979362,"4.74383, 7.0982517","Aug 25th 2026, 2:10 pm",pending,Dee,"""yes""","""25–34""","""Male""","""₦30,000 – ₦69,999""","""I decide jointly with a spouse/partner""","""Sometimes""","""Primary""","""Employed part-time""","""Middle management / skilled / supervisory""","""Rented — flat/apartment""","Computer/laptop
Cable/satellite TV (DSTV, GOtv, etc.)","""Above ₦700,000""","""3–4""","""Cross River"""
38542262,"7.8568611, 6.7105785","Aug 26th 2026, 8:24 am",pending,pelumi ,"""yes""","""25–34""","""Female""","""₦70,000 – ₦150,000""","""I decide jointly with a spouse/partner""","""Sometimes""","""HND/Bachelor's degree""","""Self-employed / business owner""","""Senior management / professional (e.g., doctor, lawyer, exec)""","""Own home — flat/apartment""","Generator
Air conditioner
Refrigerator
Cable/satellite TV (DSTV, GOtv, etc.)
Computer/laptop
Smartphone
Car","""₦350,001 – ₦700,000""","""3–4""","""Kogi"""
387751055,"5.9697148, 6.9438943","Aug 26th 2026, 8:51 am",pending,Joy Ihedioha ,"""yes""","""18–24""","""Female""","""₦30,000 – ₦69,999""","""Another household member/head decides""","""Sometimes""","""Secondary""","""Employed part-time""","""Senior management / professional (e.g., doctor, lawyer, exec)""","""Rented — flat/apartment""","Car
Generator
Refrigerator
Cable/satellite TV (DSTV, GOtv, etc.)
Computer/laptop
Smartphone
Air conditioner","""₦350,001 – ₦700,000""","""5–6""","""Anambra"""
68300015,"10.2907216, 11.1127309","Aug 26th 2026, 8:53 am",pending,MUHAMMAD UMAR,"""yes""","""25–34""","""Male""","""₦10,000 – ₦29,999""","""Another household member/head decides""","""Often""","""HND/Bachelor's degree""","""Employed part-time""","""Unskilled / casual labor""","""Living with family / free housing""","Computer/laptop
Smartphone
Cable/satellite TV (DSTV, GOtv, etc.)","""₦150,001 – ₦350,000""","""5–6""","""Gombe"""
93470386,"6.6583056, 3.4559878","Aug 26th 2026, 8:53 am",pending,Ogunlana funmilayo ,"""yes""","""35–44""","""Female""","""₦10,000 – ₦29,999""","""I decide jointly with a spouse/partner""","""Rarely""","""OND/NCE""","""Employed part-time""","""Junior staff / semi-skilled""","""Rented — flat/apartment""","Smartphone
Cable/satellite TV (DSTV, GOtv, etc.)
Refrigerator","""₦150,001 – ₦350,000""","""3–4""","""Lagos"""
378913919,"8.1236856, 4.2354181","Aug 26th 2026, 8:53 am",pending,Oyeyiola Mary Dasola,"""yes""","""25–34""","""Female""","""₦30,000 – ₦69,999""","""I decide jointly with a spouse/partner""","""Often""","""Secondary""","""Self-employed / business owner""","""Unskilled / casual labor""","""Rented — flat/apartment""","Smartphone
Generator
Car","""₦150,001 – ₦350,000""","""3–4""","""Oyo"""
182599677,"9.2775733, 12.4197317","Aug 26th 2026, 8:55 am",pending,Dahiru Abubakar Abba ,"""yes""","""35–44""","""Male""","""₦30,000 – ₦69,999""","""I decide alone""","""Sometimes""","""HND/Bachelor's degree""","""Self-employed / business owner""","""Middle management / skilled / supervisory""","""Own home — detached house/duplex""","Cable/satellite TV (DSTV, GOtv, etc.)
Computer/laptop
Smartphone
Refrigerator
Car","""₦150,001 – ₦350,000""","""5–6""","""Adamawa"""
434478639,"10.2650035, 9.7959076","Aug 26th 2026, 8:55 am",pending,Christopher Daniel ,"""yes""","""35–44""","""Male""","""₦70,000 – ₦150,000""","""I decide jointly with a spouse/partner""","""Rarely""","""HND/Bachelor's degree""","""Employed part-time""","""Junior staff / semi-skilled""","""Rented — single room(s) / face-me-I-face-you""","Smartphone
Computer/laptop","""₦50,000 – ₦150,000""","""1–2""","""Bauchi"""
479160556,"11.6429148, 8.4102469","Aug 26th 2026, 8:56 am",pending,Blessing Anyebe ,"""yes""","""25–34""","""Female""","""₦30,000 – ₦69,999""","""I decide jointly with a spouse/partner""","""Sometimes""","""HND/Bachelor's degree""","""Self-employed / business owner""","""Middle management / skilled / supervisory""","""Rented — flat/apartment""","Generator
Refrigerator
Cable/satellite TV (DSTV, GOtv, etc.)
Computer/laptop
Smartphone","""₦350,001 – ₦700,000""","""3–4""","""Kano"""
428106774,"6.568233, 3.2695946","Aug 26th 2026, 8:56 am",pending,Adejinmi Oluwatoyin Victoria ,"""yes""","""35–44""","""Female""","""₦10,000 – ₦29,999""","""I decide alone""","""Often""","""HND/Bachelor's degree""","""Self-employed / business owner""","""Senior management / professional (e.g., doctor, lawyer, exec)""","""Rented — flat/apartment""","Generator
Car
Refrigerator
Cable/satellite TV (DSTV, GOtv, etc.)
Computer/laptop
Smartphone","""Above ₦700,000""","""5–6""","""Lagos"""
387786837,"10.3337166, 9.8451922","Aug 26th 2026, 8:56 am",pending,Shem Markus Amos,"""yes""","""35–44""","""Male""","""₦10,000 – ₦29,999""","""I decide alone""","""Sometimes""","""HND/Bachelor's degree""","""Employed part-time""","""Middle management / skilled / supervisory""","""Own home — flat/apartment""","Cable/satellite TV (DSTV, GOtv, etc.)
Refrigerator
Computer/laptop
Smartphone","""₦50,000 – ₦150,000""","""3–4""","""Bauchi"""
214283009,"9.9190388, 8.9156619","Aug 26th 2026, 8:57 am",pending,Ajayi Friday oshomo ,"""yes""","""35–44""","""Male""","""₦10,000 – ₦29,999""","""I decide jointly with a spouse/partner""","""Often""","""HND/Bachelor's degree""","""Employed part-time""","""Middle management / skilled / supervisory""","""Living with family / free housing""","Cable/satellite TV (DSTV, GOtv, etc.)
Smartphone
Computer/laptop","""₦50,000 – ₦150,000""","""3–4""","""Plateau"""
406952696,"5.4983158, 5.835275","Aug 26th 2026, 8:57 am",pending,Okolosi Akpevweoghene ,"""yes""","""25–34""","""Female""","""₦30,000 – ₦69,999""","""I decide alone""","""Rarely""","""HND/Bachelor's degree""","""Self-employed / business owner""","""Middle management / skilled / supervisory""","""Rented — flat/apartment""","Cable/satellite TV (DSTV, GOtv, etc.)
Refrigerator
Generator
Computer/laptop
Smartphone","""₦150,001 – ₦350,000""","""3–4""","""Delta"""
370077474,"11.9420142, 8.5750204","Aug 26th 2026, 8:57 am",pending,Fatima Abdullahi Ringim ,"""yes""","""35–44""","""Female""","""Less than ₦10,000""","""I decide jointly with a spouse/partner""","""Sometimes""","""OND/NCE""","""Unemployed""","""Middle management / skilled / supervisory""","""Own home — flat/apartment""","Smartphone
Cable/satellite TV (DSTV, GOtv, etc.)
Refrigerator","""Below ₦50,000""","""7+""","""Kano"""
136397650,"8.414505, 4.6044933","Aug 26th 2026, 8:58 am",pending,Mary idowu alabi,"""yes""","""35–44""","""Female""","""Less than ₦10,000""","""I decide jointly with a spouse/partner""","""Sometimes""","""HND/Bachelor's degree""","""Employed part-time""","""Junior staff / semi-skilled""","""Rented — flat/apartment""","Smartphone
Cable/satellite TV (DSTV, GOtv, etc.)","""₦50,000 – ₦150,000""","""5–6""","""Kwara"""
461330351,"9.0702543, 7.4868887","Aug 26th 2026, 8:59 am",pending,Godwin ,"""yes""","""25–34""","""Male""","""₦10,000 – ₦29,999""","""I decide jointly with a spouse/partner""","""Sometimes""","""HND/Bachelor's degree""","""Self-employed / business owner""","""Middle management / skilled / supervisory""","""Rented — flat/apartment""","Generator
Air conditioner
Smartphone
Refrigerator
Cable/satellite TV (DSTV, GOtv, etc.)
Computer/laptop","""₦150,001 – ₦350,000""","""3–4""","""FCT (Abuja)"""
228369114,"6.4616034, 7.4937851","Aug 26th 2026, 9:00 am",pending,Chioma Nwana ,"""yes""","""35–44""","""Female""","""₦10,000 – ₦29,999""","""I decide jointly with a spouse/partner""","""Sometimes""","""HND/Bachelor's degree""","""Self-employed / business owner""","""Middle management / skilled / supervisory""","""Own home — flat/apartment""","Car
Generator
Cable/satellite TV (DSTV, GOtv, etc.)
Smartphone","""₦150,001 – ₦350,000""","""5–6""","""Enugu"""
497926638,"11.9752133, 7.695805","Aug 26th 2026, 9:00 am",pending,ADAMU MAGAJI ,"""yes""","""25–34""","""Male""","""₦30,000 – ₦69,999""","""I decide alone""","""Often""","""OND/NCE""","""Employed full-time""","""Junior staff / semi-skilled""","""Rented — single room(s) / face-me-I-face-you""",Smartphone,"""₦50,000 – ₦150,000""","""3–4""","""Katsina"""
125987412,"5.2914241, 8.2949032","Aug 26th 2026, 9:00 am",pending,NYONG ,"""yes""","""35–44""","""Male""","""₦30,000 – ₦69,999""","""I decide jointly with a spouse/partner""","""Rarely""","""HND/Bachelor's degree""","""Employed part-time""","""Junior staff / semi-skilled""","""Rented — flat/apartment""","Smartphone
Cable/satellite TV (DSTV, GOtv, etc.)
Refrigerator","""₦150,001 – ₦350,000""","""3–4""","""Cross River"""
197346076,"8.7441295, 12.159877","Aug 26th 2026, 9:00 am",pending,Muhammad Surajo Ahmad ,"""yes""","""25–34""","""Female""","""₦10,000 – ₦29,999""","""I decide alone""","""Sometimes""","""Secondary""","""Self-employed / business owner""","""Junior staff / semi-skilled""","""Rented — flat/apartment""",Smartphone,"""₦50,000 – ₦150,000""","""3–4""","""Adamawa"""
66460970,"7.2669631, 5.1695599","Aug 26th 2026, 9:01 am",pending,Samuel Reuben Olumide ,"""yes""","""25–34""","""Male""","""₦10,000 – ₦29,999""","""I decide alone""","""Always""","""HND/Bachelor's degree""","""Employed full-time""","""Senior management / professional (e.g., doctor, lawyer, exec)""","""Rented — flat/apartment""","Smartphone
Computer/laptop
Refrigerator
Air conditioner
Generator
Cable/satellite TV (DSTV, GOtv, etc.)","""₦150,001 – ₦350,000""","""1–2""","""Ondo"""
89395994,"10.827715, 10.77499","Aug 26th 2026, 9:03 am",pending,SAIDU ALHAJI ISAH ,"""yes""","""35–44""","""Male""","""₦10,000 – ₦29,999""","""I decide alone""","""Often""","""HND/Bachelor's degree""","""Unemployed""","""Unemployed / none""","""Own home — flat/apartment""",Smartphone,"""₦50,000 – ₦150,000""","""3–4""","""Gombe"""
295392844,"6.4657907, 3.329899","Aug 26th 2026, 9:03 am",pending,Ndupu Chinelo Comfort ,"""yes""","""25–34""","""Female""","""₦70,000 – ₦150,000""","""I decide alone""","""Sometimes""","""HND/Bachelor's degree""","""Employed part-time""","""Middle management / skilled / supervisory""","""Rented — single room(s) / face-me-I-face-you""","Generator
Refrigerator
Cable/satellite TV (DSTV, GOtv, etc.)
Computer/laptop
Smartphone","""₦350,001 – ₦700,000""","""5–6""","""Lagos"""
433766495,"7.4437572, 3.9513415","Aug 26th 2026, 9:03 am",pending,David Oluwabunmi ,"""yes""","""25–34""","""Female""","""₦10,000 – ₦29,999""","""I decide alone""","""Sometimes""","""HND/Bachelor's degree""","""Employed full-time""","""Senior management / professional (e.g., doctor, lawyer, exec)""","""Rented — flat/apartment""",Smartphone,"""₦50,000 – ₦150,000""","""1–2""","""Oyo"""
493943322,"6.1662156, 6.8696537","Aug 26th 2026, 9:04 am",pending,Oluchi Ugonweze ,"""yes""","""18–24""","""Female""","""₦30,000 – ₦69,999""","""I decide jointly with a spouse/partner""","""Always""","""Secondary""","""Self-employed / business owner""","""Senior management / professional (e.g., doctor, lawyer, exec)""","""Rented — flat/apartment""","Car
Generator
Air conditioner
Cable/satellite TV (DSTV, GOtv, etc.)
Refrigerator
Smartphone","""₦150,001 – ₦350,000""","""7+""","""Enugu"""
8819158,"8.7441295, 12.159877","Aug 26th 2026, 9:04 am",pending,Muhammad Surajo Ahmad ,"""yes""","""25–34""","""Female""","""₦10,000 – ₦29,999""","""I decide alone""","""Sometimes""","""Secondary""","""Self-employed / business owner""","""Junior staff / semi-skilled""","""Rented — flat/apartment""",Smartphone,"""₦50,000 – ₦150,000""","""3–4""","""Adamawa"""
111822243,"11.7007069, 9.3358606","Aug 26th 2026, 9:04 am",pending,Hyellatsakridari Mohammed ,"""yes""","""25–34""","""Female""","""₦10,000 – ₦29,999""","""I decide alone""","""Sometimes""","""HND/Bachelor's degree""","""Unemployed""","""Middle management / skilled / supervisory""","""Rented — single room(s) / face-me-I-face-you""",Smartphone,"""₦50,000 – ₦150,000""","""3–4""","""Jigawa"""
110534107,"6.615325197821668, 3.4998945146799088","Aug 26th 2026, 9:05 am",pending,Kolapo Ronald ,"""yes""","""25–34""","""Male""","""₦30,000 – ₦69,999""","""I decide alone""","""Sometimes""","""HND/Bachelor's degree""","""Self-employed / business owner""","""Middle management / skilled / supervisory""","""Rented — flat/apartment""","Generator
Refrigerator
Cable/satellite TV (DSTV, GOtv, etc.)
Smartphone
Computer/laptop","""₦50,000 – ₦150,000""","""1–2""","""Ekiti"""
48837630,"11.8604454, 13.1186077","Aug 26th 2026, 9:05 am",pending,Peter Mathew ,"""yes""","""25–34""","""Male""","""₦70,000 – ₦150,000""","""I decide alone""","""Often""","""HND/Bachelor's degree""","""Self-employed / business owner""","""Middle management / skilled / supervisory""","""Own home — detached house/duplex""","Refrigerator
Cable/satellite TV (DSTV, GOtv, etc.)
Computer/laptop
Smartphone","""₦50,000 – ₦150,000""","""5–6""","""Borno"""
77638833,"11.7156476, 11.104949","Aug 26th 2026, 9:05 am",pending,Umar Hassan Musa ,"""yes""","""25–34""","""Male""","""₦70,000 – ₦150,000""","""I decide jointly with a spouse/partner""","""Sometimes""","""HND/Bachelor's degree""","""Employed full-time""","""Junior staff / semi-skilled""","""Living with family / free housing""","Smartphone
Computer/laptop","""₦50,000 – ₦150,000""","""7+""","""Yobe"""
212141102,"7.8130283, 6.6417409","Aug 26th 2026, 9:06 am",pending,Jimoh Muhammed jamiu adavize,"""yes""","""18–24""","""Male""","""₦10,000 – ₦29,999""","""I decide jointly with a spouse/partner""","""Often""","""Postgraduate""","""Student""","""Junior staff / semi-skilled""","""Living with family / free housing""","Refrigerator
Cable/satellite TV (DSTV, GOtv, etc.)
Computer/laptop
Smartphone","""₦150,001 – ₦350,000""","""5–6""","""Kogi"""
137930088,"9.6025048, 6.5594898","Aug 26th 2026, 9:07 am",pending,Emmanuel Ayoola ,"""yes""","""35–44""","""Female""","""₦70,000 – ₦150,000""","""I decide jointly with a spouse/partner""","""Sometimes""","""OND/NCE""","""Self-employed / business owner""","""Unskilled / casual labor""","""Rented — flat/apartment""","Refrigerator
Cable/satellite TV (DSTV, GOtv, etc.)
Smartphone
Generator
Car","""₦150,001 – ₦350,000""","""5–6""","""Niger"""
416586148,"6.542226, 3.3566565","Aug 26th 2026, 9:07 am",pending,okuboyejo Tosin ,"""yes""","""35–44""","""Male""","""₦30,000 – ₦69,999""","""I decide alone""","""Sometimes""","""HND/Bachelor's degree""","""Self-employed / business owner""","""Senior management / professional (e.g., doctor, lawyer, exec)""","""Rented — flat/apartment""","Generator
Cable/satellite TV (DSTV, GOtv, etc.)
Computer/laptop
Smartphone
Refrigerator","""₦150,001 – ₦350,000""","""1–2""","""Lagos"""
31769426,"8.9071383, 8.39556","Aug 26th 2026, 9:08 am",pending,Queen Amazeh Ibrahim ,"""yes""","""35–44""","""Female""","""₦10,000 – ₦29,999""","""I decide jointly with a spouse/partner""","""Often""","""HND/Bachelor's degree""","""Self-employed / business owner""","""Middle management / skilled / supervisory""","""Rented — flat/apartment""","Car
Computer/laptop
Generator
Refrigerator
Smartphone","""₦150,001 – ₦350,000""","""5–6""","""Nasarawa"""
327357852,"9.0949837, 6.0310307","Aug 26th 2026, 9:08 am",pending,Mohammed Abdullahi ,"""yes""","""25–34""","""Male""","""₦10,000 – ₦29,999""","""I decide jointly with a spouse/partner""","""Often""","""OND/NCE""","""Unemployed""","""Junior staff / semi-skilled""","""Own home — flat/apartment""","Refrigerator
Generator
Computer/laptop
Smartphone","""₦50,000 – ₦150,000""","""3–4""","""Niger"""
367624386,"5.0208233, 7.8749083","Aug 26th 2026, 9:09 am",pending,Gold Jackson ,"""yes""","""25–34""","""Male""","""₦30,000 – ₦69,999""","""I decide alone""","""Often""","""HND/Bachelor's degree""","""Employed full-time""","""Middle management / skilled / supervisory""","""Living with family / free housing""","Generator
Refrigerator
Cable/satellite TV (DSTV, GOtv, etc.)
Computer/laptop
Smartphone","""₦50,000 – ₦150,000""","""3–4""","""Akwa Ibom"""
185961608,"6.6572667, 3.4565129","Aug 26th 2026, 9:09 am",pending,Ogunlana funmilayo ,"""yes""","""35–44""","""Female""","""₦10,000 – ₦29,999""","""I decide jointly with a spouse/partner""","""Rarely""","""OND/NCE""","""Employed part-time""","""Junior staff / semi-skilled""","""Rented — flat/apartment""","Refrigerator
Cable/satellite TV (DSTV, GOtv, etc.)
Smartphone","""₦150,001 – ₦350,000""","""3–4""","""Lagos"""
347534308,"7.2236864, 3.4517813","Aug 26th 2026, 9:09 am",pending,Durojaye Damilola ,"""yes""","""18–24""","""Female""","""Less than ₦10,000""","""I am not involved in these decisions""","""Sometimes""","""Secondary""","""Student""","""Middle management / skilled / supervisory""","""Rented — flat/apartment""","Refrigerator
Cable/satellite TV (DSTV, GOtv, etc.)
Smartphone","""₦350,001 – ₦700,000""","""5–6""","""Osun"""
215998399,"12.9654679, 7.6340929","Aug 26th 2026, 9:10 am",pending,Ibebuike Perpetua Chidinma ,"""yes""","""35–44""","""Female""","""₦70,000 – ₦150,000""","""I decide jointly with a spouse/partner""","""Often""","""HND/Bachelor's degree""","""Self-employed / business owner""","""Unskilled / casual labor""","""Rented — flat/apartment""","Refrigerator
Cable/satellite TV (DSTV, GOtv, etc.)
Smartphone","""₦50,000 – ₦150,000""","""7+""","""Katsina"""
344930252,"7.8136857, 6.6390201","Aug 26th 2026, 9:10 am",pending,Daniel joseph,"""yes""","""35–44""","""Male""","""₦30,000 – ₦69,999""","""I decide alone""","""Always""","""HND/Bachelor's degree""","""Employed part-time""","""Middle management / skilled / supervisory""","""Rented — flat/apartment""","Generator
Air conditioner
Computer/laptop
Refrigerator
Cable/satellite TV (DSTV, GOtv, etc.)
Smartphone","""₦350,001 – ₦700,000""","""3–4""","""Kogi"""
280089370,"10.8195045, 10.7695114","Aug 26th 2026, 9:11 am",pending,Rabiu Dikko ,"""yes""","""45–54""","""Male""","""₦10,000 – ₦29,999""","""I decide alone""","""Always""","""HND/Bachelor's degree""","""Self-employed / business owner""","""Middle management / skilled / supervisory""","""Rented — flat/apartment""",Smartphone,"""₦50,000 – ₦150,000""","""5–6""","""Gombe"""
467060039,"9.5956047, 6.5584891","Aug 26th 2026, 9:11 am",pending,John Jiya,"""yes""","""35–44""","""Male""","""₦10,000 – ₦29,999""","""I decide alone""","""Often""","""OND/NCE""","""Employed part-time""","""Senior management / professional (e.g., doctor, lawyer, exec)""","""Rented — flat/apartment""","Cable/satellite TV (DSTV, GOtv, etc.)
Smartphone
Refrigerator","""₦150,001 – ₦350,000""","""1–2""","""Niger"""
304932224,"11.7650958, 11.9806396","Aug 26th 2026, 9:12 am",pending,Saidu Ibrahim HUSSAINI ,"""yes""","""25–34""","""Male""","""₦70,000 – ₦150,000""","""I decide jointly with a spouse/partner""","""Always""","""HND/Bachelor's degree""","""Self-employed / business owner""","""Middle management / skilled / supervisory""","""Own home — flat/apartment""",Generator,"""₦150,001 – ₦350,000""","""3–4""","""Yobe"""
324014592,"5.499268, 5.8358705","Aug 26th 2026, 9:12 am",pending,okolosi Divine Ebruphiyor ,"""yes""","""18–24""","""Female""","""₦70,000 – ₦150,000""","""Another household member/head decides""","""Sometimes""","""OND/NCE""","""Student""","""Junior staff / semi-skilled""","""Living with family / free housing""","Refrigerator
Generator
Cable/satellite TV (DSTV, GOtv, etc.)
Computer/laptop
Smartphone","""₦150,001 – ₦350,000""","""5–6""","""Delta"""
83970099,"6.6222761, 3.2985935","Aug 26th 2026, 9:13 am",pending,Olabayiwa Rachael ,"""yes""","""25–34""","""Female""","""₦30,000 – ₦69,999""","""I decide jointly with a spouse/partner""","""Always""","""HND/Bachelor's degree""","""Self-employed / business owner""","""Middle management / skilled / supervisory""","""Rented — flat/apartment""","Car
Generator
Refrigerator
Cable/satellite TV (DSTV, GOtv, etc.)
Smartphone
Computer/laptop","""₦350,001 – ₦700,000""","""3–4""","""Lagos"""
349478176,"7.7588567, 8.5406885","Aug 26th 2026, 9:13 am",pending,Agwe Emmanuel Terhemba,"""yes""","""35–44""","""Male""","""₦30,000 – ₦69,999""","""I decide alone""","""Sometimes""","""HND/Bachelor's degree""","""Self-employed / business owner""","""Middle management / skilled / supervisory""","""Rented — flat/apartment""","Cable/satellite TV (DSTV, GOtv, etc.)
Refrigerator
Smartphone","""₦150,001 – ₦350,000""","""3–4""","""Benue"""
312763860,"9.5485419, 6.5933028","Aug 26th 2026, 9:14 am",pending,Doris Ihienweahule ,"""yes""","""35–44""","""Female""","""Less than ₦10,000""","""I decide jointly with a spouse/partner""","""Sometimes""","""HND/Bachelor's degree""","""Self-employed / business owner""","""Middle management / skilled / supervisory""","""Own home — flat/apartment""","Generator
Car
Refrigerator
Smartphone
Cable/satellite TV (DSTV, GOtv, etc.)
Air conditioner","""₦150,001 – ₦350,000""","""5–6""","""Niger"""
62675729,"7.723462, 8.5389276","Aug 26th 2026, 9:15 am",pending,Vambe Stephen ,"""yes""","""35–44""","""Male""","""₦10,000 – ₦29,999""","""I decide alone""","""Often""","""Postgraduate""","""Self-employed / business owner""","""Junior staff / semi-skilled""","""Rented — single room(s) / face-me-I-face-you""","Refrigerator
Cable/satellite TV (DSTV, GOtv, etc.)
Computer/laptop
Smartphone","""₦50,000 – ₦150,000""","""3–4""","""Benue"""
99713280,"11.813958, 13.107466","Aug 26th 2026, 9:15 am",pending,Lindi Wada Chiroma,"""yes""","""35–44""","""Female""","""₦30,000 – ₦69,999""","""I decide jointly with a spouse/partner""","""Sometimes""","""Postgraduate""","""Employed full-time""","""Senior management / professional (e.g., doctor, lawyer, exec)""","""Own home — flat/apartment""","Car
Air conditioner
Refrigerator
Cable/satellite TV (DSTV, GOtv, etc.)
Computer/laptop
Smartphone","""₦350,001 – ₦700,000""","""3–4""","""Borno"""
36321904,"12.9667211, 7.6545778","Aug 26th 2026, 9:16 am",pending,Aluka chinasa Vivian ,"""yes""","""35–44""","""Female""","""₦30,000 – ₦69,999""","""I decide jointly with a spouse/partner""","""Rarely""","""HND/Bachelor's degree""","""Unemployed""","""Middle management / skilled / supervisory""","""Own home — flat/apartment""",Refrigerator,"""₦150,001 – ₦350,000""","""7+""","""Katsina"""
285436372,"8.9224111, 8.3987206","Aug 26th 2026, 9:19 am",pending,Hanatu Oneshi Magaji ,"""yes""","""35–44""","""Female""","""₦30,000 – ₦69,999""","""Another household member/head decides""","""Rarely""","""HND/Bachelor's degree""","""Self-employed / business owner""","""Junior staff / semi-skilled""","""Rented — flat/apartment""","Generator
Refrigerator
Smartphone","""₦150,001 – ₦350,000""","""5–6""","""Nasarawa"""
308001559,"7.6715143, 6.407337","Aug 26th 2026, 9:20 am",pending,Oboroujah Abdulfatai Adinoyi ,"""yes""","""25–34""","""Male""","""₦30,000 – ₦69,999""","""Another household member/head decides""","""Often""","""Secondary""","""Self-employed / business owner""","""Middle management / skilled / supervisory""","""Own home — flat/apartment""","Car
Refrigerator
Cable/satellite TV (DSTV, GOtv, etc.)
Computer/laptop
Smartphone
Air conditioner
Generator","""Above ₦700,000""","""7+""","""Kogi"""
182041708,"6.6051133, 3.25832","Aug 26th 2026, 9:21 am",pending,Sunday Joseph Adeboye ,"""yes""","""35–44""","""Male""","""₦70,000 – ₦150,000""","""I decide jointly with a spouse/partner""","""Sometimes""","""HND/Bachelor's degree""","""Self-employed / business owner""","""Unskilled / casual labor""","""Rented — flat/apartment""","Refrigerator
Cable/satellite TV (DSTV, GOtv, etc.)
Computer/laptop
Smartphone","""₦150,001 – ₦350,000""","""3–4""","""Lagos"""
156698071,"7.6801126, 6.4219433","Aug 26th 2026, 9:22 am",pending,komolafe Emmanuel ,"""yes""","""35–44""","""Male""","""₦30,000 – ₦69,999""","""I decide jointly with a spouse/partner""","""Often""","""HND/Bachelor's degree""","""Self-employed / business owner""","""Middle management / skilled / supervisory""","""Rented — flat/apartment""","Generator
Refrigerator
Cable/satellite TV (DSTV, GOtv, etc.)
Smartphone","""₦50,000 – ₦150,000""","""3–4""","""Kogi"""
68735960,"7.1479214, 7.784642","Aug 26th 2026, 9:24 am",pending,Apeh Michael,"""yes""","""25–34""","""Male""","""₦10,000 – ₦29,999""","""I decide alone""","""Rarely""","""Postgraduate""","""Self-employed / business owner""","""Middle management / skilled / supervisory""","""Living with family / free housing""","Cable/satellite TV (DSTV, GOtv, etc.)
Smartphone
Computer/laptop
Generator
Refrigerator","""₦150,001 – ₦350,000""","""7+""","""Benue"""
122504136,"12.6269188, 9.3912589","Aug 26th 2026, 9:26 am",pending,Ummi umar ,"""yes""","""25–34""","""Female""","""Less than ₦10,000""","""I decide jointly with a spouse/partner""","""Sometimes""","""HND/Bachelor's degree""","""Unemployed""","""Unskilled / casual labor""","""Living with family / free housing""",Smartphone,"""Below ₦50,000""","""5–6""","""Jigawa"""
448502129,"6.6084926, 3.398102","Aug 26th 2026, 9:28 am",pending,MUSA JABIR SAFIYAL,"""yes""","""25–34""","""Male""","""₦70,000 – ₦150,000""","""I decide alone""","""Sometimes""","""HND/Bachelor's degree""","""Self-employed / business owner""","""Junior staff / semi-skilled""","""Rented — single room(s) / face-me-I-face-you""","Smartphone
Cable/satellite TV (DSTV, GOtv, etc.)
Refrigerator","""₦150,001 – ₦350,000""","""3–4""","""Lagos"""
443368078,"11.9917316, 8.5782163","Aug 26th 2026, 9:28 am",pending,penninah Yakubu ,"""yes""","""25–34""","""Female""","""₦10,000 – ₦29,999""","""I decide alone""","""Sometimes""","""HND/Bachelor's degree""","""Employed part-time""","""Junior staff / semi-skilled""","""Rented — flat/apartment""",Smartphone,"""₦50,000 – ₦150,000""","""3–4""","""Kano"""
267447629,"9.8957046, 11.2163963","Aug 26th 2026, 9:28 am",pending,yakubu mela ,"""yes""","""35–44""","""Male""","""₦70,000 – ₦150,000""","""I decide alone""","""Sometimes""","""Postgraduate""","""Employed part-time""","""Middle management / skilled / supervisory""","""Rented — flat/apartment""","Car
Refrigerator
Cable/satellite TV (DSTV, GOtv, etc.)
Smartphone
Computer/laptop","""₦150,001 – ₦350,000""","""1–2""","""Gombe"""
299957168,"5.1723621, 7.6865225","Aug 26th 2026, 9:29 am",pending,Imoh Simeon Akpakaden ,"""yes""","""25–34""","""Female""","""₦10,000 – ₦29,999""","""I decide alone""","""Often""","""HND/Bachelor's degree""","""Self-employed / business owner""","""Middle management / skilled / supervisory""","""Rented — single room(s) / face-me-I-face-you""","Generator
Refrigerator
Smartphone
Cable/satellite TV (DSTV, GOtv, etc.)","""₦50,000 – ₦150,000""","""1–2""","""Akwa Ibom"""
127635459,"7.6154869, 5.1320514","Aug 26th 2026, 9:30 am",pending,Alexander ,"""yes""","""35–44""","""Male""","""₦30,000 – ₦69,999""","""I decide jointly with a spouse/partner""","""Sometimes""","""HND/Bachelor's degree""","""Self-employed / business owner""","""Junior staff / semi-skilled""","""Rented — flat/apartment""","Generator
Refrigerator
Cable/satellite TV (DSTV, GOtv, etc.)
Smartphone","""₦50,000 – ₦150,000""","""3–4""","""Ondo"""
378679325,"10.2908523, 11.1389108","Aug 26th 2026, 9:30 am",pending,umar Abdulkadir Turaki ,"""yes""","""25–34""","""Male""","""₦10,000 – ₦29,999""","""I decide jointly with a spouse/partner""","""Sometimes""","""HND/Bachelor's degree""","""Employed part-time""","""Middle management / skilled / supervisory""","""Own home — flat/apartment""",Smartphone,"""Below ₦50,000""","""1–2""","""Gombe"""
271308958,"5.061038, 8.3641428","Aug 26th 2026, 9:31 am",pending,Precious ,"""yes""","""18–24""","""Female""","""₦10,000 – ₦29,999""","""Another household member/head decides""","""Often""","""HND/Bachelor's degree""","""Student""","""Middle management / skilled / supervisory""","""Living with family / free housing""","Car
Smartphone
Computer/laptop
Generator
Cable/satellite TV (DSTV, GOtv, etc.)","""₦50,000 – ₦150,000""","""1–2""","""Cross River"""
11802006,"13.0362171, 8.3183619","Aug 26th 2026, 9:31 am",pending,Mustapha Umar Muhammad,"""yes""","""35–44""","""Male""","""₦10,000 – ₦29,999""","""I decide jointly with a spouse/partner""","""Sometimes""","""Postgraduate""","""Employed part-time""","""Middle management / skilled / supervisory""","""Own home — flat/apartment""","Generator
Cable/satellite TV (DSTV, GOtv, etc.)","""₦150,001 – ₦350,000""","""1–2""","""Jigawa"""
348867053,"5.0249094, 8.3333139","Aug 26th 2026, 9:32 am",pending,favour effiomita effiom ,"""yes""","""25–34""","""Male""","""₦70,000 – ₦150,000""","""I decide alone""","""Always""","""HND/Bachelor's degree""","""Employed full-time""","""Junior staff / semi-skilled""","""Own home — detached house/duplex""","Computer/laptop
Smartphone
Refrigerator","""₦50,000 – ₦150,000""","""1–2""","""Cross River"""
387776957,"12.2252873, 4.3807955","Aug 26th 2026, 9:32 am",pending,MUSTAPHA LAWAL,"""yes""","""25–34""","""Male""","""₦10,000 – ₦29,999""","""I decide alone""","""Rarely""","""Postgraduate""","""Self-employed / business owner""","""Senior management / professional (e.g., doctor, lawyer, exec)""","""Living with family / free housing""","Refrigerator
Cable/satellite TV (DSTV, GOtv, etc.)
Computer/laptop
Smartphone","""₦150,001 – ₦350,000""","""7+""","""Kebbi"""
463523865,"6.6105597, 3.3095122","Aug 26th 2026, 9:34 am",pending,Olusegun Coker ,"""yes""","""35–44""","""Male""","""₦10,000 – ₦29,999""","""I decide jointly with a spouse/partner""","""Often""","""Postgraduate""","""Self-employed / business owner""","""Senior management / professional (e.g., doctor, lawyer, exec)""","""Own home — flat/apartment""","Smartphone
Computer/laptop
Cable/satellite TV (DSTV, GOtv, etc.)
Refrigerator
Generator
Car
Air conditioner","""₦150,001 – ₦350,000""","""5–6""","""Lagos"""
112938736,"7.4916295, 4.5322857","Aug 26th 2026, 9:35 am",pending,Ajadi Glory ,"""yes""","""25–34""","""Female""","""Less than ₦10,000""","""I am not involved in these decisions""","""Rarely""","""Secondary""","""Student""","""Senior management / professional (e.g., doctor, lawyer, exec)""","""Own home — flat/apartment""",,"""Below ₦50,000""","""7+""","""Osun"""
88068860,"11.1720364, 9.7506176","Aug 26th 2026, 9:37 am",pending,iliya Haruna ,"""yes""","""25–34""","""Male""","""₦30,000 – ₦69,999""","""I decide jointly with a spouse/partner""","""Often""","""HND/Bachelor's degree""","""Self-employed / business owner""","""Junior staff / semi-skilled""","""Living with family / free housing""","Smartphone
Computer/laptop
Cable/satellite TV (DSTV, GOtv, etc.)
Refrigerator
Generator","""₦50,000 – ₦150,000""","""3–4""","""Bauchi"""
423157303,"6.3983931, 7.4897026","Aug 26th 2026, 9:37 am",pending,Joy Godwin ,"""yes""","""25–34""","""Female""","""₦10,000 – ₦29,999""","""I decide alone""","""Always""","""HND/Bachelor's degree""","""Unemployed""","""Unemployed / none""","""Living with family / free housing""","Generator
Refrigerator
Smartphone
Cable/satellite TV (DSTV, GOtv, etc.)
Computer/laptop","""₦50,000 – ₦150,000""","""3–4""","""Enugu"""
245199255,"9.2676391, 12.4110232","Aug 26th 2026, 9:38 am",pending,Garba Musa Gambo ,"""yes""","""25–34""","""Male""","""₦30,000 – ₦69,999""","""I decide alone""","""Sometimes""","""OND/NCE""","""Employed full-time""","""Junior staff / semi-skilled""","""Rented — flat/apartment""","Refrigerator
Cable/satellite TV (DSTV, GOtv, etc.)
Smartphone","""₦150,001 – ₦350,000""","""3–4""","""Adamawa"""
120765672,"9.2673626, 12.4121136","Aug 26th 2026, 9:38 am",pending,Garba Musa Gambo ,"""yes""","""35–44""","""Male""","""More than ₦150,000""","""I decide jointly with a spouse/partner""","""Often""","""HND/Bachelor's degree""","""Employed full-time""","""Middle management / skilled / supervisory""","""Rented — flat/apartment""","Car
Air conditioner
Refrigerator
Cable/satellite TV (DSTV, GOtv, etc.)
Smartphone","""₦150,001 – ₦350,000""","""3–4""","""Adamawa"""
65540634,"9.2677166, 12.4107383","Aug 26th 2026, 9:38 am",pending,Garba Musa Gambo ,"""yes""","""35–44""","""Female""","""₦70,000 – ₦150,000""","""I decide jointly with a spouse/partner""","""Often""","""OND/NCE""","""Self-employed / business owner""","""Junior staff / semi-skilled""","""Own home — flat/apartment""","Cable/satellite TV (DSTV, GOtv, etc.)
Refrigerator
Smartphone","""₦150,001 – ₦350,000""","""5–6""","""Adamawa"""
26052290,"10.3153963, 9.833245","Aug 26th 2026, 9:42 am",pending,Sandra Stephen ,"""yes""","""25–34""","""Female""","""Less than ₦10,000""","""I decide jointly with a spouse/partner""","""Often""","""HND/Bachelor's degree""","""Self-employed / business owner""","""Junior staff / semi-skilled""","""Own home — detached house/duplex""","Generator
Air conditioner
Refrigerator
Cable/satellite TV (DSTV, GOtv, etc.)
Computer/laptop
Smartphone","""₦50,000 – ₦150,000""","""3–4""","""Bauchi"""
187948995,"7.7371365, 8.5149715","Aug 26th 2026, 9:44 am",pending,Ode Ernest ,"""yes""","""25–34""","""Male""","""₦30,000 – ₦69,999""","""I decide alone""","""Often""","""HND/Bachelor's degree""","""Self-employed / business owner""","""Middle management / skilled / supervisory""","""Rented — single room(s) / face-me-I-face-you""","Smartphone
Computer/laptop
Cable/satellite TV (DSTV, GOtv, etc.)
Refrigerator
Generator","""₦50,000 – ₦150,000""","""1–2""","""Benue"""
157927422,"7.4473965, 4.0109822","Aug 26th 2026, 9:44 am",pending,Esther Temiloluwa,"""yes""","""18–24""","""Female""","""₦10,000 – ₦29,999""","""I am not involved in these decisions""","""Always""","""HND/Bachelor's degree""","""Unemployed""","""Senior management / professional (e.g., doctor, lawyer, exec)""","""Own home — flat/apartment""","Car
Refrigerator
Cable/satellite TV (DSTV, GOtv, etc.)
Computer/laptop
Smartphone","""₦350,001 – ₦700,000""","""7+""","""Kano"""
424920714,"6.413235, 7.879605","Aug 26th 2026, 9:44 am",pending,Nnamchi Rita chimezie ,"""yes""","""35–44""","""Female""","""₦70,000 – ₦150,000""","""I decide alone""","""Sometimes""","""OND/NCE""","""Self-employed / business owner""","""Unskilled / casual labor""","""Rented — flat/apartment""","Cable/satellite TV (DSTV, GOtv, etc.)
Smartphone
Refrigerator","""₦50,000 – ₦150,000""","""3–4""","""Ebonyi"""
167011641,"9.9134783, 8.9410117","Aug 26th 2026, 9:46 am",pending,Irene ,"""yes""","""35–44""","""Female""","""₦10,000 – ₦29,999""","""I decide alone""","""Sometimes""","""Postgraduate""","""Employed full-time""","""Middle management / skilled / supervisory""","""Rented — single room(s) / face-me-I-face-you""","Refrigerator
Cable/satellite TV (DSTV, GOtv, etc.)
Computer/laptop
Smartphone","""₦50,000 – ₦150,000""","""3–4""","""Plateau"""
79801974,"9.9134783, 8.9410117","Aug 26th 2026, 9:46 am",pending,Irene ,"""no""","""35–44""","""Female""","""₦70,000 – ₦150,000""","""I decide alone""","""Often""","""Postgraduate""","""Employed full-time""","""Middle management / skilled / supervisory""","""Rented — single room(s) / face-me-I-face-you""","Refrigerator
Cable/satellite TV (DSTV, GOtv, etc.)
Computer/laptop
Smartphone","""₦50,000 – ₦150,000""","""3–4""","""Plateau"""
133706284,"9.9133567, 8.94106","Aug 26th 2026, 9:46 am",pending,Irene ,"""yes""","""35–44""","""Female""","""₦70,000 – ₦150,000""","""I decide alone""","""Sometimes""","""Postgraduate""","""Employed full-time""","""Middle management / skilled / supervisory""","""Rented — single room(s) / face-me-I-face-you""","Refrigerator
Cable/satellite TV (DSTV, GOtv, etc.)
Computer/laptop
Smartphone","""₦50,000 – ₦150,000""","""3–4""","""Plateau"""
334810408,"11.981981981981981, 8.583403566681538","Aug 26th 2026, 9:46 am",pending,tolu kayode,"""yes""","""35–44""","""Female""","""More than ₦150,000""","""I decide jointly with a spouse/partner""","""Sometimes""","""Postgraduate""","""Employed part-time""","""Middle management / skilled / supervisory""","""Rented — flat/apartment""","Refrigerator
Cable/satellite TV (DSTV, GOtv, etc.)
Computer/laptop
Smartphone","""₦150,001 – ₦350,000""","""5–6""","""Kano"""
168342780,"10.2895993, 11.1374331","Aug 26th 2026, 9:47 am",pending,Mahmud ,"""yes""","""45–54""","""Male""","""Less than ₦10,000""","""I decide jointly with a spouse/partner""","""Sometimes""","""HND/Bachelor's degree""","""Self-employed / business owner""","""Middle management / skilled / supervisory""","""Own home — flat/apartment""","Cable/satellite TV (DSTV, GOtv, etc.)
Smartphone
Computer/laptop","""₦50,000 – ₦150,000""","""5–6""","""Gombe"""
237848751,"9.0191841, 7.6416567","Aug 26th 2026, 9:49 am",pending,Blessing John,"""yes""","""25–34""","""Female""","""₦30,000 – ₦69,999""","""I decide jointly with a spouse/partner""","""Sometimes""","""OND/NCE""","""Self-employed / business owner""","""Junior staff / semi-skilled""","""Rented — flat/apartment""","Generator
Car
Refrigerator
Smartphone","""Below ₦50,000""","""1–2""","""Nasarawa"""
73235341,"5.1940483, 7.701815","Aug 26th 2026, 9:49 am",pending,Nsikan John Akpan ,"""yes""","""25–34""","""Male""","""₦70,000 – ₦150,000""","""I decide jointly with a spouse/partner""","""Sometimes""","""HND/Bachelor's degree""","""Employed part-time""","""Middle management / skilled / supervisory""","""Rented — flat/apartment""","Generator
Air conditioner
Refrigerator
Cable/satellite TV (DSTV, GOtv, etc.)
Computer/laptop
Smartphone","""Above ₦700,000""","""5–6""","""Akwa Ibom"""
468482068,"9.0410807, 6.5669347","Aug 26th 2026, 9:50 am",pending,Juwairiyyat Abdullahi ,"""yes""","""25–34""","""Female""","""₦10,000 – ₦29,999""","""I decide jointly with a spouse/partner""","""Always""","""HND/Bachelor's degree""","""Self-employed / business owner""","""Junior staff / semi-skilled""","""Living with family / free housing""","Generator
Refrigerator
Cable/satellite TV (DSTV, GOtv, etc.)
Smartphone
Computer/laptop","""₦150,001 – ₦350,000""","""3–4""","""Niger"""
280139110,"9.6014858, 6.5584891","Aug 26th 2026, 9:51 am",pending,Francis Ukama ,"""yes""","""35–44""","""Male""","""₦10,000 – ₦29,999""","""I decide alone""","""Always""","""HND/Bachelor's degree""","""Employed full-time""","""Junior staff / semi-skilled""","""Rented — flat/apartment""","Generator
Car
Cable/satellite TV (DSTV, GOtv, etc.)
Air conditioner
Computer/laptop
Smartphone","""₦50,000 – ₦150,000""","""1–2""","""Niger"""
150925300,"10.3040867, 9.804715","Aug 26th 2026, 9:51 am",pending,Ismail Abdullahi Idris,"""yes""","""25–34""","""Male""","""₦30,000 – ₦69,999""","""I decide alone""","""Often""","""HND/Bachelor's degree""","""Student""","""Middle management / skilled / supervisory""","""Rented — single room(s) / face-me-I-face-you""","Smartphone
Refrigerator
Cable/satellite TV (DSTV, GOtv, etc.)
Computer/laptop","""Below ₦50,000""","""1–2""","""Bauchi"""
135729476,"8.8468449, 9.5386667","Aug 26th 2026, 9:51 am",pending,Edmond Yilbaan Benedict,"""yes""","""35–44""","""Male""","""₦10,000 – ₦29,999""","""I decide jointly with a spouse/partner""","""Sometimes""","""OND/NCE""","""Employed full-time""","""Junior staff / semi-skilled""","""Own home — detached house/duplex""","Smartphone
Generator
Cable/satellite TV (DSTV, GOtv, etc.)","""₦50,000 – ₦150,000""","""5–6""","""Plateau"""
64297581,"10.427265, 7.52386","Aug 26th 2026, 9:54 am",pending,Victoria Jonathan ,"""yes""","""35–44""","""Female""","""₦30,000 – ₦69,999""","""I decide alone""","""Sometimes""","""OND/NCE""","""Self-employed / business owner""","""Middle management / skilled / supervisory""","""Own home — flat/apartment""","Generator
Refrigerator
Cable/satellite TV (DSTV, GOtv, etc.)
Smartphone","""₦50,000 – ₦150,000""","""5–6""","""Kaduna"""
353596706,"9.6014858, 6.5584891","Aug 26th 2026, 9:55 am",pending,Moses Ukama,"""yes""","""45–54""","""Male""","""₦30,000 – ₦69,999""","""I decide jointly with a spouse/partner""","""Sometimes""","""HND/Bachelor's degree""","""Employed full-time""","""Middle management / skilled / supervisory""","""Rented — flat/apartment""","Cable/satellite TV (DSTV, GOtv, etc.)
Air conditioner
Refrigerator
Generator
Car
Computer/laptop
Smartphone","""₦150,001 – ₦350,000""","""1–2""","""Niger"""
126653379,"8.5029494, 8.5211137","Aug 26th 2026, 9:56 am",pending,Charles ochim,"""yes""","""25–34""","""Male""","""₦10,000 – ₦29,999""","""I decide jointly with a spouse/partner""","""Always""","""HND/Bachelor's degree""","""Self-employed / business owner""","""Middle management / skilled / supervisory""","""Own home — flat/apartment""",Air conditioner,"""Below ₦50,000""","""1–2""","""Nasarawa"""
361906933,"9.027201, 7.4857256","Aug 26th 2026, 9:56 am",pending,Titilayo Temitope Bonire ,"""yes""","""25–34""","""Female""","""₦30,000 – ₦69,999""","""I decide alone""","""Sometimes""","""HND/Bachelor's degree""","""Employed full-time""","""Middle management / skilled / supervisory""","""Own home — flat/apartment""","Car
Generator
Refrigerator
Cable/satellite TV (DSTV, GOtv, etc.)
Computer/laptop
Smartphone","""₦350,001 – ₦700,000""","""5–6""","""FCT (Abuja)"""
494411667,"4.9535635, 8.3511153","Aug 26th 2026, 9:56 am",pending,Uto Obot,"""yes""","""18–24""","""Female""","""Less than ₦10,000""","""Another household member/head decides""","""Rarely""","""Secondary""","""Student""","""Senior management / professional (e.g., doctor, lawyer, exec)""","""Own home — flat/apartment""","Car
Generator
Refrigerator
Computer/laptop
Smartphone
Cable/satellite TV (DSTV, GOtv, etc.)","""₦350,001 – ₦700,000""","""3–4""","""Cross River"""
376684913,"10.3562421, 9.8461518","Aug 26th 2026, 9:57 am",pending,Monsur Ojuroye ,"""yes""","""35–44""","""Male""","""₦70,000 – ₦150,000""","""I decide jointly with a spouse/partner""","""Often""","""HND/Bachelor's degree""","""Employed full-time""","""Middle management / skilled / supervisory""","""Rented — flat/apartment""","Refrigerator
Cable/satellite TV (DSTV, GOtv, etc.)
Computer/laptop
Smartphone","""₦150,001 – ₦350,000""","""3–4""","""Bauchi"""
405048087,"8.1236856, 4.2354181","Aug 26th 2026, 9:57 am",pending,Oyeyiola Mary Dasola,"""yes""","""35–44""","""Male""","""₦70,000 – ₦150,000""","""I decide jointly with a spouse/partner""","""Sometimes""","""HND/Bachelor's degree""","""Employed part-time""","""Junior staff / semi-skilled""","""Own home — flat/apartment""","Air conditioner
Refrigerator
Cable/satellite TV (DSTV, GOtv, etc.)
Computer/laptop
Smartphone
Generator
Car","""₦350,001 – ₦700,000""","""5–6""","""Oyo"""
328740117,"6.6112392, 3.5210775","Aug 26th 2026, 9:58 am",pending,Ahmed Shoyoye,"""yes""","""35–44""","""Male""","""₦70,000 – ₦150,000""","""I decide jointly with a spouse/partner""","""Sometimes""","""HND/Bachelor's degree""","""Self-employed / business owner""","""Middle management / skilled / supervisory""","""Rented — flat/apartment""","Generator
Refrigerator
Cable/satellite TV (DSTV, GOtv, etc.)
Smartphone","""₦150,001 – ₦350,000""","""3–4""","""Lagos"""
126046616,"12.2745477, 6.5618247","Aug 26th 2026, 9:59 am",pending,ABDULKADIR ABDULLAHI ,"""yes""","""35–44""","""Male""","""₦30,000 – ₦69,999""","""I decide jointly with a spouse/partner""","""Sometimes""","""HND/Bachelor's degree""","""Self-employed / business owner""","""Senior management / professional (e.g., doctor, lawyer, exec)""","""Own home — flat/apartment""","Computer/laptop
Smartphone
Cable/satellite TV (DSTV, GOtv, etc.)
Refrigerator","""₦150,001 – ₦350,000""","""5–6""","""Zamfara"""
213772232,"9.3430648, 12.5107713","Aug 26th 2026, 9:59 am",pending,Dahiru mohammed ,"""yes""","""25–34""","""Male""","""₦10,000 – ₦29,999""","""Another household member/head decides""","""Sometimes""","""OND/NCE""","""Self-employed / business owner""","""Middle management / skilled / supervisory""","""Own home — flat/apartment""","Air conditioner
Refrigerator
Cable/satellite TV (DSTV, GOtv, etc.)
Smartphone","""₦50,000 – ₦150,000""","""5–6""","""Adamawa"""
264711812,"10.2687929, 11.1524614","Aug 26th 2026, 10:00 am",pending,Afiniki Nuhu,"""yes""","""25–34""","""Female""","""₦10,000 – ₦29,999""","""Another household member/head decides""","""Sometimes""","""HND/Bachelor's degree""","""Self-employed / business owner""","""Senior management / professional (e.g., doctor, lawyer, exec)""","""Own home — flat/apartment""","Refrigerator
Cable/satellite TV (DSTV, GOtv, etc.)
Computer/laptop
Smartphone","""₦50,000 – ₦150,000""","""5–6""","""Gombe"""
60918123,"12.4506636, 10.0354416","Aug 26th 2026, 10:03 am",pending,Hassan Umar waziri ,"""yes""","""25–34""","""Male""","""₦30,000 – ₦69,999""","""I decide jointly with a spouse/partner""","""Rarely""","""Postgraduate""","""Self-employed / business owner""","""Senior management / professional (e.g., doctor, lawyer, exec)""","""Rented — flat/apartment""","Smartphone
Computer/laptop
Refrigerator","""₦150,001 – ₦350,000""","""3–4""","""Jigawa"""
404050606,"12.0281008, 8.5458509","Aug 26th 2026, 10:05 am",pending,BLESSING YILDAM ,"""yes""","""25–34""","""Female""","""₦30,000 – ₦69,999""","""Another household member/head decides""","""Sometimes""","""HND/Bachelor's degree""","""Employed part-time""","""Unemployed / none""","""Rented — flat/apartment""","Refrigerator
Cable/satellite TV (DSTV, GOtv, etc.)
Smartphone","""₦150,001 – ₦350,000""","""3–4""","""Kano"""
248880027,"12.2231183, 9.0674433","Aug 26th 2026, 10:05 am",pending,Salim Auwalu ,"""yes""","""25–34""","""Male""","""₦30,000 – ₦69,999""","""I decide jointly with a spouse/partner""","""Sometimes""","""HND/Bachelor's degree""","""Student""","""Middle management / skilled / supervisory""","""Own home — flat/apartment""","Computer/laptop
Generator
Smartphone
Refrigerator","""₦50,000 – ₦150,000""","""3–4""","""Jigawa"""
271267486,"5.1585281, 7.3244846","Aug 26th 2026, 10:06 am",pending,Maraizu Kingsley Chidiadi ,"""yes""","""35–44""","""Male""","""More than ₦150,000""","""I decide jointly with a spouse/partner""","""Sometimes""","""HND/Bachelor's degree""","""Employed full-time""","""Middle management / skilled / supervisory""","""Rented — flat/apartment""","Generator
Refrigerator
Cable/satellite TV (DSTV, GOtv, etc.)
Computer/laptop
Smartphone","""₦50,000 – ₦150,000""","""7+""","""Abia"""
377130491,"8.1271142, 4.2331752","Aug 26th 2026, 10:07 am",pending,Adeleke Rebecca Olamide,"""yes""","""25–34""","""Female""","""₦10,000 – ₦29,999""","""I decide jointly with a spouse/partner""","""Always""","""HND/Bachelor's degree""","""Self-employed / business owner""","""Junior staff / semi-skilled""","""Rented — flat/apartment""","Computer/laptop
Cable/satellite TV (DSTV, GOtv, etc.)","""Below ₦50,000""","""1–2""","""Oyo"""
331032889,"6.43899, 7.500245","Aug 26th 2026, 10:07 am",pending,Ani Maureen ,"""yes""","""35–44""","""Female""","""₦10,000 – ₦29,999""","""I decide jointly with a spouse/partner""","""Sometimes""","""HND/Bachelor's degree""","""Employed part-time""","""Middle management / skilled / supervisory""","""Rented — flat/apartment""","Car
Generator
Air conditioner
Refrigerator
Cable/satellite TV (DSTV, GOtv, etc.)
Smartphone","""₦150,001 – ₦350,000""","""3–4""","""Enugu"""
262647037,"9.6056107, 6.5048097","Aug 26th 2026, 10:08 am",pending,Ibrahim Zainab ,"""yes""","""35–44""","""Female""","""₦70,000 – ₦150,000""","""I decide jointly with a spouse/partner""","""Sometimes""","""HND/Bachelor's degree""","""Self-employed / business owner""","""Middle management / skilled / supervisory""","""Rented — flat/apartment""","Refrigerator
Cable/satellite TV (DSTV, GOtv, etc.)
Smartphone","""₦50,000 – ₦150,000""","""3–4""","""Niger"""
55963333,"10.3184949, 9.88608","Aug 26th 2026, 10:09 am",pending,Halima Isah Ahmad ,"""yes""","""25–34""","""Female""","""₦10,000 – ₦29,999""","""I decide jointly with a spouse/partner""","""Sometimes""","""OND/NCE""","""Employed part-time""","""Middle management / skilled / supervisory""","""Rented — flat/apartment""","Smartphone
Computer/laptop
Cable/satellite TV (DSTV, GOtv, etc.)
Refrigerator","""₦50,000 – ₦150,000""","""7+""","""Bauchi"""
268296463,"12.1138731, 5.9245118","Aug 26th 2026, 10:12 am",pending,Tasiu Muhammad ,"""no""","""35–44""","""Male""","""₦10,000 – ₦29,999""","""I decide alone""","""Sometimes""","""OND/NCE""","""Self-employed / business owner""","""Junior staff / semi-skilled""","""Rented — flat/apartment""",Smartphone,"""₦50,000 – ₦150,000""","""7+""","""Zamfara"""
88375299,"6.5090856, 3.19664","Aug 26th 2026, 10:14 am",pending,Peter,"""yes""","""25–34""","""Male""","""₦30,000 – ₦69,999""","""I decide jointly with a spouse/partner""","""Rarely""","""HND/Bachelor's degree""","""Employed part-time""","""Middle management / skilled / supervisory""","""Rented — flat/apartment""","Refrigerator
Computer/laptop
Smartphone
Cable/satellite TV (DSTV, GOtv, etc.)
Generator","""₦50,000 – ₦150,000""","""3–4""","""Lagos"""
105387228,"4.9539633, 8.34992","Aug 26th 2026, 10:14 am",pending,Chika,"""yes""","""18–24""","""Female""","""₦30,000 – ₦69,999""","""I am not involved in these decisions""","""Rarely""","""Secondary""","""Student""","""Middle management / skilled / supervisory""","""Rented — flat/apartment""","Generator
Smartphone
Computer/laptop
Refrigerator
Cable/satellite TV (DSTV, GOtv, etc.)","""₦350,001 – ₦700,000""","""5–6""","""Cross River"""
4775825,"9.5715267, 6.5514932","Aug 26th 2026, 10:15 am",pending,Nuradeen Alhassan ,"""yes""","""35–44""","""Male""","""₦70,000 – ₦150,000""","""I decide alone""","""Often""","""HND/Bachelor's degree""","""Self-employed / business owner""","""Middle management / skilled / supervisory""","""Rented — flat/apartment""","Smartphone
Cable/satellite TV (DSTV, GOtv, etc.)
Computer/laptop","""₦50,000 – ₦150,000""","""1–2""","""Niger"""
266342664,"13.0113283, 7.5878133","Aug 26th 2026, 10:16 am",pending,Aisha Abubakar Abe,"""yes""","""25–34""","""Female""","""₦10,000 – ₦29,999""","""I decide jointly with a spouse/partner""","""Often""","""Postgraduate""","""Employed part-time""","""Middle management / skilled / supervisory""","""Own home — flat/apartment""","Car
Generator
Air conditioner
Refrigerator
Cable/satellite TV (DSTV, GOtv, etc.)
Computer/laptop
Smartphone","""₦50,000 – ₦150,000""","""5–6""","""Katsina"""
202337686,"9.5986363, 6.5653968","Aug 26th 2026, 10:18 am",pending,Patience Amos,"""yes""","""25–34""","""Female""","""₦30,000 – ₦69,999""","""I decide alone""","""Sometimes""","""HND/Bachelor's degree""","""Employed part-time""","""Middle management / skilled / supervisory""","""Own home — flat/apartment""","Refrigerator
Cable/satellite TV (DSTV, GOtv, etc.)
Computer/laptop
Smartphone
Air conditioner
Car","""Above ₦700,000""","""3–4""","""Plateau"""
378556519,"6.658405, 3.2576317","Aug 26th 2026, 10:23 am",pending,Rebecca Godwin ,"""yes""","""25–34""","""Female""","""₦30,000 – ₦69,999""","""I decide jointly with a spouse/partner""","""Sometimes""","""OND/NCE""","""Self-employed / business owner""","""Middle management / skilled / supervisory""","""Rented — flat/apartment""","Generator
Refrigerator
Cable/satellite TV (DSTV, GOtv, etc.)
Computer/laptop
Smartphone","""₦350,001 – ₦700,000""","""5–6""","""Lagos"""
27620353,"8.9704491, 7.3250876","Aug 26th 2026, 10:24 am",pending,Bulus Samson Duniya ,"""yes""","""25–34""","""Male""","""₦30,000 – ₦69,999""","""I decide jointly with a spouse/partner""","""Sometimes""","""HND/Bachelor's degree""","""Self-employed / business owner""","""Middle management / skilled / supervisory""","""Rented — flat/apartment""","Car
Refrigerator
Smartphone","""₦50,000 – ₦150,000""","""3–4""","""FCT (Abuja)"""
494786401,"10.3184583, 9.8860667","Aug 26th 2026, 10:24 am",pending,Halima Isah Ahmad ,"""yes""","""25–34""","""Female""","""₦10,000 – ₦29,999""","""I decide jointly with a spouse/partner""","""Sometimes""","""OND/NCE""","""Employed part-time""","""Middle management / skilled / supervisory""","""Rented — flat/apartment""","Smartphone
Cable/satellite TV (DSTV, GOtv, etc.)
Refrigerator
Computer/laptop","""₦50,000 – ₦150,000""","""7+""","""Bauchi"""
288118790,"9.9167662, 11.0033144","Aug 26th 2026, 10:28 am",pending,DANJUMA MUHAMMAD SAADU ,"""yes""","""35–44""","""Male""","""₦30,000 – ₦69,999""","""I decide jointly with a spouse/partner""","""Sometimes""","""HND/Bachelor's degree""","""Employed full-time""","""Middle management / skilled / supervisory""","""Rented — flat/apartment""","Refrigerator
Smartphone
Cable/satellite TV (DSTV, GOtv, etc.)
Computer/laptop","""₦150,001 – ₦350,000""","""5–6""","""Gombe"""
242207205,"9.6029943, 6.5342616","Aug 26th 2026, 10:30 am",pending,Muhammad Adamu,"""yes""","""25–34""","""Male""","""More than ₦150,000""","""I decide jointly with a spouse/partner""","""Often""","""HND/Bachelor's degree""","""Employed full-time""","""Middle management / skilled / supervisory""","""Rented — flat/apartment""","Cable/satellite TV (DSTV, GOtv, etc.)
Smartphone","""₦50,000 – ₦150,000""","""5–6""","""Niger"""
112119997,"8.9705325, 7.3250134","Aug 26th 2026, 10:39 am",pending,Bulus Samson Duniya ,"""yes""","""25–34""","""Male""","""₦30,000 – ₦69,999""","""I decide jointly with a spouse/partner""","""Sometimes""","""HND/Bachelor's degree""","""Self-employed / business owner""","""Middle management / skilled / supervisory""","""Rented — flat/apartment""","Car
Generator
Refrigerator","""₦50,000 – ₦150,000""","""3–4""","""FCT (Abuja)"""
13380798,"5.2916691, 8.297714","Aug 26th 2026, 10:41 am",pending,Edidiong Augustine ,"""yes""","""35–44""","""Female""","""₦70,000 – ₦150,000""","""I decide jointly with a spouse/partner""","""Always""","""HND/Bachelor's degree""","""Self-employed / business owner""","""Unskilled / casual labor""","""Rented — flat/apartment""","Smartphone
Refrigerator","""₦50,000 – ₦150,000""","""3–4""","""Cross River"""
240765717,"9.6057879, 6.5359411","Aug 26th 2026, 10:41 am",pending,Adamu Muhammad,"""yes""","""35–44""","""Female""","""₦70,000 – ₦150,000""","""I decide jointly with a spouse/partner""","""Sometimes""","""OND/NCE""","""Employed part-time""","""Junior staff / semi-skilled""","""Rented — flat/apartment""","Cable/satellite TV (DSTV, GOtv, etc.)
Smartphone
Refrigerator","""₦50,000 – ₦150,000""","""3–4""","""Niger"""
327046613,"12.6393945, 9.3765074","Aug 26th 2026, 10:42 am",pending,FAHAD ADAMU ABDULLAHI ,"""yes""","""35–44""","""Male""","""₦70,000 – ₦150,000""","""I decide jointly with a spouse/partner""","""Always""","""HND/Bachelor's degree""","""Employed full-time""","""Senior management / professional (e.g., doctor, lawyer, exec)""","""Rented — flat/apartment""","Refrigerator
Generator
Cable/satellite TV (DSTV, GOtv, etc.)
Computer/laptop
Smartphone","""₦350,001 – ₦700,000""","""5–6""","""Jigawa"""
449634669,"7.7279433, 4.508797","Aug 26th 2026, 10:46 am",pending,Saliu Fatima,"""yes""","""25–34""","""Female""","""₦30,000 – ₦69,999""","""I decide jointly with a spouse/partner""","""Sometimes""","""HND/Bachelor's degree""","""Employed full-time""","""Middle management / skilled / supervisory""","""Rented — flat/apartment""","Generator
Refrigerator
Cable/satellite TV (DSTV, GOtv, etc.)
Computer/laptop
Smartphone","""₦50,000 – ₦150,000""","""1–2""","""Osun"""
171094984,"8.9304503, 11.3467689","Aug 26th 2026, 10:48 am",pending,Joseph Monday ,"""yes""","""25–34""","""Male""","""₦30,000 – ₦69,999""","""I decide jointly with a spouse/partner""","""Sometimes""","""HND/Bachelor's degree""","""Self-employed / business owner""","""Middle management / skilled / supervisory""","""Own home — flat/apartment""","Computer/laptop
Smartphone
Refrigerator
Cable/satellite TV (DSTV, GOtv, etc.)","""₦50,000 – ₦150,000""","""5–6""","""Taraba"""
493310517,"10.3101548, 9.8119703","Aug 26th 2026, 10:53 am",pending,Auwal Adamu ,"""yes""","""35–44""","""Male""","""Less than ₦10,000""","""I decide jointly with a spouse/partner""","""Sometimes""","""Secondary""","""Self-employed / business owner""","""Unskilled / casual labor""","""Living with family / free housing""","Smartphone
Cable/satellite TV (DSTV, GOtv, etc.)","""Below ₦50,000""","""5–6""","""Bauchi"""
265772261,"10.2649802, 11.1084861","Aug 26th 2026, 10:54 am",pending,phanuel lemon params ,"""yes""","""25–34""","""Male""","""₦10,000 – ₦29,999""","""Another household member/head decides""","""Sometimes""","""HND/Bachelor's degree""","""Employed part-time""","""Unskilled / casual labor""","""Living with family / free housing""","Car
Air conditioner
Cable/satellite TV (DSTV, GOtv, etc.)
Refrigerator
Computer/laptop
Smartphone","""₦150,001 – ₦350,000""","""3–4""","""Gombe"""
60161116,"7.7363479, 8.5250691","Aug 26th 2026, 10:54 am",pending,Orhungur Mseer Cordelia ,"""yes""","""35–44""","""Female""","""₦10,000 – ₦29,999""","""I decide jointly with a spouse/partner""","""Sometimes""","""HND/Bachelor's degree""","""Employed part-time""","""Middle management / skilled / supervisory""","""Rented — flat/apartment""","Refrigerator
Cable/satellite TV (DSTV, GOtv, etc.)
Smartphone","""₦350,001 – ₦700,000""","""5–6""","""Benue"""
231453624,"9.0189481, 7.6414184","Aug 26th 2026, 10:55 am",pending,Blessing John,"""yes""","""35–44""","""Male""","""₦10,000 – ₦29,999""","""I decide alone""","""Always""","""Secondary""","""Unemployed""","""Unemployed / none""","""Living with family / free housing""",Smartphone,"""Below ₦50,000""","""3–4""","""Nasarawa"""
412990067,"9.0196623, 7.6405186","Aug 26th 2026, 10:55 am",pending,Blessing John,"""yes""","""35–44""","""Male""","""₦70,000 – ₦150,000""","""I decide jointly with a spouse/partner""","""Often""","""OND/NCE""","""Self-employed / business owner""","""Senior management / professional (e.g., doctor, lawyer, exec)""","""Own home — flat/apartment""","Generator
Car
Refrigerator
Computer/laptop
Smartphone
Cable/satellite TV (DSTV, GOtv, etc.)","""₦50,000 – ₦150,000""","""3–4""","""Nasarawa"""
53986237,"12.9868222, 5.2046494","Aug 26th 2026, 10:56 am",pending,Hajarat ismail ,"""yes""","""25–34""","""Female""","""₦30,000 – ₦69,999""","""I decide jointly with a spouse/partner""","""Often""","""HND/Bachelor's degree""","""Employed full-time""","""Middle management / skilled / supervisory""","""Rented — flat/apartment""","Air conditioner
Refrigerator
Cable/satellite TV (DSTV, GOtv, etc.)
Smartphone","""₦50,000 – ₦150,000""","""3–4""","""Sokoto"""
376893175,"10.3011062, 11.1608636","Aug 26th 2026, 10:56 am",pending,Abdullahi Usman ,"""yes""","""35–44""","""Male""","""Less than ₦10,000""","""I decide jointly with a spouse/partner""","""Sometimes""","""OND/NCE""","""Student""","""Unemployed / none""","""Living with family / free housing""","Smartphone
Computer/laptop","""Below ₦50,000""","""3–4""","""Gombe"""
234429054,"10.292855, 11.1668061","Aug 26th 2026, 11:13 am",pending,ABUBAKAR AUDI WAZIRI,"""yes""","""35–44""","""Male""","""Less than ₦10,000""","""I decide jointly with a spouse/partner""","""Always""","""HND/Bachelor's degree""","""Employed full-time""","""Senior management / professional (e.g., doctor, lawyer, exec)""","""Own home — detached house/duplex""","Car
Refrigerator
Cable/satellite TV (DSTV, GOtv, etc.)
Computer/laptop
Smartphone","""₦50,000 – ₦150,000""","""7+""","""Gombe"""
373876189,"7.4125188, 2.9932954","Aug 26th 2026, 11:14 am",pending,OGUNLEYE MAYOWA ,"""yes""","""35–44""","""Male""","""₦10,000 – ₦29,999""","""I decide jointly with a spouse/partner""","""Always""","""HND/Bachelor's degree""","""Self-employed / business owner""","""Middle management / skilled / supervisory""","""Rented — single room(s) / face-me-I-face-you""","Smartphone
Generator
Cable/satellite TV (DSTV, GOtv, etc.)","""₦50,000 – ₦150,000""","""5–6""","""Ogun"""
408007684,"5.5256391, 7.0224589","Aug 26th 2026, 11:16 am",pending,Ofurum Bruno Ndubuoke ,"""yes""","""25–34""","""Male""","""₦70,000 – ₦150,000""","""I decide alone""","""Often""","""HND/Bachelor's degree""","""Self-employed / business owner""","""Middle management / skilled / supervisory""","""Rented — single room(s) / face-me-I-face-you""","Smartphone
Computer/laptop
Cable/satellite TV (DSTV, GOtv, etc.)","""₦350,001 – ₦700,000""","""5–6""","""Imo"""
325649645,"6.6246126, 3.316472","Aug 26th 2026, 11:19 am",pending,Philomina ,"""yes""","""35–44""","""Female""","""₦10,000 – ₦29,999""","""I decide jointly with a spouse/partner""","""Sometimes""","""HND/Bachelor's degree""","""Employed full-time""","""Senior management / professional (e.g., doctor, lawyer, exec)""","""Rented — flat/apartment""","Cable/satellite TV (DSTV, GOtv, etc.)","""₦50,000 – ₦150,000""","""5–6""","""Lagos"""
403092055,"13.0515882, 5.2330477","Aug 26th 2026, 11:20 am",pending,keshal miapsuk Edmond ,"""yes""","""25–34""","""Male""","""₦10,000 – ₦29,999""","""I am not involved in these decisions""","""Rarely""","""HND/Bachelor's degree""","""Unemployed""","""Unemployed / none""","""Living with family / free housing""","Smartphone
Cable/satellite TV (DSTV, GOtv, etc.)","""Below ₦50,000""","""7+""","""Sokoto"""
82579663,"6.7352933, 3.23308","Aug 26th 2026, 11:21 am",pending,Macaulay Oluwatobiloba Elizabeth ,"""yes""","""25–34""","""Female""","""₦30,000 – ₦69,999""","""I decide jointly with a spouse/partner""","""Sometimes""","""HND/Bachelor's degree""","""Self-employed / business owner""","""Middle management / skilled / supervisory""","""Own home — detached house/duplex""","Cable/satellite TV (DSTV, GOtv, etc.)
Refrigerator
Smartphone","""₦150,001 – ₦350,000""","""3–4""","""Ogun"""
492982352,"6.7355683, 3.2331283","Aug 26th 2026, 11:21 am",pending,Macaulay Oluwatobiloba Elizabeth ,"""yes""","""25–34""","""Female""","""₦30,000 – ₦69,999""","""I decide jointly with a spouse/partner""","""Sometimes""","""HND/Bachelor's degree""","""Self-employed / business owner""","""Middle management / skilled / supervisory""","""Own home — flat/apartment""","Refrigerator
Cable/satellite TV (DSTV, GOtv, etc.)
Smartphone","""₦150,001 – ₦350,000""","""3–4""","""Ogun"""
176033179,"9.0195413, 7.6405339","Aug 26th 2026, 11:22 am",pending,Blessing John,"""yes""","""25–34""","""Female""","""₦70,000 – ₦150,000""","""I decide alone""","""Rarely""","""HND/Bachelor's degree""","""Employed full-time""","""Middle management / skilled / supervisory""","""Own home — flat/apartment""","Refrigerator
Smartphone","""₦150,001 – ₦350,000""","""3–4""","""FCT (Abuja)"""
332892329,"7.6680853, 5.126808","Aug 26th 2026, 11:29 am",pending,Kehinde Awojinrin ,"""yes""","""35–44""","""Male""","""Less than ₦10,000""","""I decide jointly with a spouse/partner""","""Rarely""","""HND/Bachelor's degree""","""Self-employed / business owner""","""Middle management / skilled / supervisory""","""Rented — flat/apartment""","Smartphone
Cable/satellite TV (DSTV, GOtv, etc.)","""Below ₦50,000""","""3–4""","""Ekiti"""
142288340,"7.266095, 5.1694691","Aug 26th 2026, 11:49 am",pending,LATEEF OLAIDE IBRAHIM ,"""yes""","""25–34""","""Male""","""₦30,000 – ₦69,999""","""I decide alone""","""Often""","""OND/NCE""","""Employed part-time""","""Middle management / skilled / supervisory""","""Rented — flat/apartment""","Smartphone
Generator
Cable/satellite TV (DSTV, GOtv, etc.)","""₦150,001 – ₦350,000""","""1–2""","""Ondo"""
373231436,"7.620147, 5.209214","Aug 26th 2026, 11:50 am",pending,Esther Omonode ,"""yes""","""25–34""","""Female""","""₦10,000 – ₦29,999""","""I decide jointly with a spouse/partner""","""Sometimes""","""OND/NCE""","""Self-employed / business owner""","""Middle management / skilled / supervisory""","""Own home — detached house/duplex""","Car
Generator
Air conditioner
Refrigerator
Cable/satellite TV (DSTV, GOtv, etc.)
Computer/laptop
Smartphone","""₦150,001 – ₦350,000""","""3–4""","""Ekiti"""
160641892,"7.5506053, 3.8826207","Aug 26th 2026, 11:55 am",pending,Alade Abayomi A ,"""yes""","""25–34""","""Male""","""₦70,000 – ₦150,000""","""I decide alone""","""Often""","""HND/Bachelor's degree""","""Self-employed / business owner""","""Senior management / professional (e.g., doctor, lawyer, exec)""","""Rented — flat/apartment""","Generator
Refrigerator
Cable/satellite TV (DSTV, GOtv, etc.)
Computer/laptop
Smartphone","""₦150,001 – ₦350,000""","""3–4""","""Oyo"""
287172055,"7.1454387, 3.3785936","Aug 26th 2026, 12:03 pm",pending,Nwaogwugwu Nicholas Uba,"""yes""","""35–44""","""Male""","""More than ₦150,000""","""I decide jointly with a spouse/partner""","""Often""","""HND/Bachelor's degree""","""Employed full-time""","""Middle management / skilled / supervisory""","""Rented — flat/apartment""","Generator
Car
Air conditioner
Refrigerator
Cable/satellite TV (DSTV, GOtv, etc.)
Computer/laptop
Smartphone","""₦150,001 – ₦350,000""","""7+""","""Ogun"""
175117430,"10.27027027027027, 11.151648219480608","Aug 26th 2026, 12:05 pm",pending,AUWAL BELLO,"""yes""","""25–34""","""Male""","""₦70,000 – ₦150,000""","""I decide jointly with a spouse/partner""","""Always""","""OND/NCE""","""Student""","""Middle management / skilled / supervisory""","""Own home — detached house/duplex""","Smartphone
Computer/laptop
Cable/satellite TV (DSTV, GOtv, etc.)
Air conditioner","""₦50,000 – ₦150,000""","""3–4""","""Gombe"""
371747170,"10.6516626, 11.33098","Aug 26th 2026, 12:07 pm",pending,Umar Faruk Musa ,"""yes""","""35–44""","""Male""","""₦10,000 – ₦29,999""","""I decide jointly with a spouse/partner""","""Sometimes""","""OND/NCE""","""Employed full-time""","""Junior staff / semi-skilled""","""Living with family / free housing""",Smartphone,"""₦50,000 – ₦150,000""","""7+""","""Gombe"""
18949338,"10.6516626, 11.33098","Aug 26th 2026, 12:08 pm",pending,Umar Faruk Musa ,"""yes""","""35–44""","""Male""","""₦10,000 – ₦29,999""","""I decide jointly with a spouse/partner""","""Sometimes""","""OND/NCE""","""Employed full-time""","""Junior staff / semi-skilled""","""Living with family / free housing""",Smartphone,"""₦50,000 – ₦150,000""","""7+""","""Gombe"""
467495761,"4.7924243, 6.9919942","Aug 26th 2026, 12:09 pm",pending,Stanley Okwarauba ,"""yes""","""35–44""","""Male""","""₦70,000 – ₦150,000""","""I decide jointly with a spouse/partner""","""Always""","""HND/Bachelor's degree""","""Self-employed / business owner""","""Middle management / skilled / supervisory""","""Rented — flat/apartment""","Generator
Air conditioner
Refrigerator
Cable/satellite TV (DSTV, GOtv, etc.)
Computer/laptop
Smartphone","""₦150,001 – ₦350,000""","""3–4""","""Rivers"""
401790252,"12.5045214, 8.0196516","Aug 26th 2026, 12:23 pm",pending,Hassan Rabiu ,"""yes""","""25–34""","""Male""","""₦30,000 – ₦69,999""","""I decide alone""","""Always""","""HND/Bachelor's degree""","""Unemployed""","""Unemployed / none""","""Living with family / free housing""",Smartphone,"""₦50,000 – ₦150,000""","""5–6""","""Katsina"""
220952203,"12.6177435, 9.3875006","Aug 26th 2026, 12:28 pm",pending,usaina,"""yes""","""25–34""","""Male""","""Less than ₦10,000""","""I decide alone""","""Always""","""No formal education""","""Employed full-time""","""Senior management / professional (e.g., doctor, lawyer, exec)""","""Own home — detached house/duplex""",Car,"""Below ₦50,000""","""1–2""","""Jigawa"""
50816738,"9.9122547, 11.9549069","Aug 26th 2026, 12:31 pm",pending,saadatu Ibrahim Mai,"""yes""","""25–34""","""Female""","""₦30,000 – ₦69,999""","""I decide alone""","""Always""","""OND/NCE""","""Self-employed / business owner""","""Unemployed / none""","""Rented — single room(s) / face-me-I-face-you""","Smartphone
Cable/satellite TV (DSTV, GOtv, etc.)
Refrigerator","""₦50,000 – ₦150,000""","""3–4""","""Adamawa"""
433896499,"9.0409444, 7.5166254","Aug 26th 2026, 12:33 pm",pending,Eucharia ,"""yes""","""35–44""","""Female""","""₦70,000 – ₦150,000""","""I decide jointly with a spouse/partner""","""Sometimes""","""HND/Bachelor's degree""","""Unemployed""","""Middle management / skilled / supervisory""","""Rented — flat/apartment""","Refrigerator
Cable/satellite TV (DSTV, GOtv, etc.)
Smartphone","""₦150,001 – ₦350,000""","""5–6""","""FCT (Abuja)"""
152823998,"6.3223828, 5.5810074","Aug 26th 2026, 12:34 pm",pending,Idris Kudu Muhammad ,"""yes""","""35–44""","""Male""","""Less than ₦10,000""","""I decide jointly with a spouse/partner""","""Always""","""HND/Bachelor's degree""","""Self-employed / business owner""","""Middle management / skilled / supervisory""","""Living with family / free housing""","Cable/satellite TV (DSTV, GOtv, etc.)
Smartphone
Refrigerator","""₦150,001 – ₦350,000""","""7+""","""Edo"""
464697750,"10.4664075, 7.4347918","Aug 26th 2026, 12:35 pm",pending,Moses Blessing Ajayi ,"""yes""","""18–24""","""Male""","""₦70,000 – ₦150,000""","""I decide jointly with a spouse/partner""","""Sometimes""","""HND/Bachelor's degree""","""Employed part-time""","""Middle management / skilled / supervisory""","""Rented — flat/apartment""","Computer/laptop
Smartphone
Cable/satellite TV (DSTV, GOtv, etc.)","""₦350,001 – ₦700,000""","""3–4""","""Kaduna"""
322630260,"10.2924729, 11.1718226","Aug 26th 2026, 12:36 pm",pending,Fatima Muhammad yuguda,"""yes""","""35–44""","""Female""","""₦30,000 – ₦69,999""","""I decide jointly with a spouse/partner""","""Sometimes""","""OND/NCE""","""Self-employed / business owner""","""Middle management / skilled / supervisory""","""Living with family / free housing""","Cable/satellite TV (DSTV, GOtv, etc.)
Refrigerator
Smartphone
Car","""₦50,000 – ₦150,000""","""3–4""","""Gombe"""
70859873,"11.5549838, 8.5770808","Aug 26th 2026, 12:46 pm",pending,Dauda Afiniki ,"""yes""","""25–34""","""Female""","""₦30,000 – ₦69,999""","""I decide alone""","""Often""","""HND/Bachelor's degree""","""Unemployed""","""Unemployed / none""","""Rented — single room(s) / face-me-I-face-you""",Smartphone,"""Below ₦50,000""","""1–2""","""Kano"""
273410937,"10.280379, 11.1831079","Aug 26th 2026, 12:47 pm",pending,Esther Joida ,"""yes""","""25–34""","""Female""","""₦30,000 – ₦69,999""","""I decide jointly with a spouse/partner""","""Often""","""HND/Bachelor's degree""","""Employed part-time""","""Middle management / skilled / supervisory""","""Rented — flat/apartment""","Refrigerator
Cable/satellite TV (DSTV, GOtv, etc.)
Computer/laptop
Smartphone
Car","""₦150,001 – ₦350,000""","""1–2""","""Gombe"""
427957457,"6.4385017, 7.49598","Aug 26th 2026, 12:51 pm",pending,Okoye Blessing Chinelo ,"""yes""","""35–44""","""Female""","""₦30,000 – ₦69,999""","""I decide jointly with a spouse/partner""","""Sometimes""","""OND/NCE""","""Employed full-time""","""Unskilled / casual labor""","""Rented — flat/apartment""","Smartphone
Refrigerator","""₦50,000 – ₦150,000""","""3–4""","""Enugu"""
101115494,"12.1678759, 6.6609293","Aug 26th 2026, 12:53 pm",pending,YUSUF LAWALI,"""yes""","""25–34""","""Male""","""₦30,000 – ₦69,999""","""I decide alone""","""Sometimes""","""HND/Bachelor's degree""","""Self-employed / business owner""","""Senior management / professional (e.g., doctor, lawyer, exec)""","""Living with family / free housing""",Smartphone,"""Below ₦50,000""","""1–2""","""Zamfara"""
465548700,"7.4232975, 3.8394896","Aug 26th 2026, 12:55 pm",pending,Ogundipe Suliat Adebimpe,"""yes""","""25–34""","""Female""","""₦70,000 – ₦150,000""","""I decide jointly with a spouse/partner""","""Often""","""HND/Bachelor's degree""","""Employed part-time""","""Senior management / professional (e.g., doctor, lawyer, exec)""","""Rented — flat/apartment""",Smartphone,"""₦150,001 – ₦350,000""","""1–2""","""Lagos"""
428474463,"10.31406, 11.1348617","Aug 26th 2026, 12:57 pm",pending,Bilyaminu Abdullahi,"""yes""","""35–44""","""Male""","""₦10,000 – ₦29,999""","""I decide jointly with a spouse/partner""","""Sometimes""","""HND/Bachelor's degree""","""Unemployed""","""Middle management / skilled / supervisory""","""Rented — flat/apartment""","Refrigerator
Cable/satellite TV (DSTV, GOtv, etc.)
Smartphone","""₦50,000 – ₦150,000""","""3–4""","""Gombe"""
453820279,"4.774774774774775, 7.123821588522234","Aug 26th 2026, 12:57 pm",pending,Patrick ,"""yes""","""25–34""","""Male""","""₦30,000 – ₦69,999""","""I decide alone""","""Always""","""Postgraduate""","""Employed part-time""","""Junior staff / semi-skilled""","""Rented — flat/apartment""","Smartphone
Cable/satellite TV (DSTV, GOtv, etc.)
Refrigerator
Air conditioner","""₦50,000 – ₦150,000""","""3–4""","""Rivers"""
141882007,"5.5270466, 7.0188969","Aug 26th 2026, 12:59 pm",pending,Garuba O David,"""yes""","""25–34""","""Male""","""₦10,000 – ₦29,999""","""Another household member/head decides""","""Sometimes""","""HND/Bachelor's degree""","""Self-employed / business owner""","""Middle management / skilled / supervisory""","""Rented — flat/apartment""","Smartphone
Generator
Cable/satellite TV (DSTV, GOtv, etc.)","""₦350,001 – ₦700,000""","""3–4""","""Lagos"""
147677982,"5.527145, 7.01898","Aug 26th 2026, 1:02 pm",pending,Ofurum Bruno Ndubuoke ,"""yes""","""25–34""","""Male""","""₦10,000 – ₦29,999""","""I decide alone""","""Often""","""HND/Bachelor's degree""","""Self-employed / business owner""","""Middle management / skilled / supervisory""","""Rented — flat/apartment""","Smartphone
Computer/laptop
Cable/satellite TV (DSTV, GOtv, etc.)","""₦150,001 – ₦350,000""","""3–4""","""Imo"""
69669880,"10.4575734, 8.6612618","Aug 26th 2026, 1:10 pm",pending,Isuwa Ishaku ,"""yes""","""35–44""","""Male""","""₦30,000 – ₦69,999""","""I decide jointly with a spouse/partner""","""Always""","""Secondary""","""Employed part-time""","""Junior staff / semi-skilled""","""Rented — single room(s) / face-me-I-face-you""","Cable/satellite TV (DSTV, GOtv, etc.)
Smartphone","""₦50,000 – ₦150,000""","""3–4""","""Kaduna"""
73078711,"8.0855717, 4.6944067","Aug 26th 2026, 1:25 pm",pending,Faith,"""yes""","""18–24""","""Female""","""Less than ₦10,000""","""I am not involved in these decisions""","""Rarely""","""OND/NCE""","""Student""","""Unemployed / none""","""Living with family / free housing""",Smartphone,"""₦50,000 – ₦150,000""","""7+""","""Kwara"""
174126393,"10.2762422, 11.201913","Aug 26th 2026, 1:26 pm",pending,USMAN SAADU ,"""yes""","""35–44""","""Male""","""₦30,000 – ₦69,999""","""I decide jointly with a spouse/partner""","""Often""","""HND/Bachelor's degree""","""Employed part-time""","""Middle management / skilled / supervisory""","""Own home — flat/apartment""","Air conditioner
Refrigerator
Cable/satellite TV (DSTV, GOtv, etc.)
Computer/laptop
Smartphone
Generator","""₦50,000 – ₦150,000""","""1–2""","""Gombe"""
186249616,"6.3424861, 5.6295305","Aug 26th 2026, 1:32 pm",pending,Ezeh Magdalene ,"""yes""","""25–34""","""Female""","""₦10,000 – ₦29,999""","""I decide jointly with a spouse/partner""","""Sometimes""","""HND/Bachelor's degree""","""Employed full-time""","""Middle management / skilled / supervisory""","""Living with family / free housing""","Generator
Smartphone
Computer/laptop","""₦50,000 – ₦150,000""","""3–4""","""Edo"""
245017797,"6.6483912, 3.2984275","Aug 26th 2026, 1:34 pm",pending,Morenikeji Olajide ,"""yes""","""25–34""","""Female""","""₦30,000 – ₦69,999""","""I decide jointly with a spouse/partner""","""Sometimes""","""HND/Bachelor's degree""","""Employed full-time""","""Middle management / skilled / supervisory""","""Rented — flat/apartment""","Generator
Refrigerator
Air conditioner
Cable/satellite TV (DSTV, GOtv, etc.)
Smartphone","""Above ₦700,000""","""3–4""","""Lagos"""
390910141,"6.2606817, 7.1096467","Aug 26th 2026, 1:34 pm",pending,Ihedioha Precious Oluebube ,"""yes""","""18–24""","""Male""","""₦30,000 – ₦69,999""","""I decide alone""","""Often""","""Secondary""","""Student""","""Senior management / professional (e.g., doctor, lawyer, exec)""","""Rented — flat/apartment""","Car
Generator
Refrigerator
Cable/satellite TV (DSTV, GOtv, etc.)
Computer/laptop
Smartphone","""Above ₦700,000""","""5–6""","""Anambra"""
16392239,"12.9624942, 7.6388141","Aug 26th 2026, 1:34 pm",pending,Ramatu Abdulraheem ,"""yes""","""25–34""","""Female""","""₦30,000 – ₦69,999""","""I decide alone""","""Always""","""HND/Bachelor's degree""","""Employed full-time""","""Senior management / professional (e.g., doctor, lawyer, exec)""","""Own home — detached house/duplex""","Car
Generator
Refrigerator
Cable/satellite TV (DSTV, GOtv, etc.)
Computer/laptop
Smartphone","""₦150,001 – ₦350,000""","""3–4""","""Katsina"""
294962447,"9.6024228, 6.5638262","Aug 26th 2026, 1:35 pm",pending,Alfa Saidu Tanimu,"""yes""","""35–44""","""Male""","""₦70,000 – ₦150,000""","""I decide alone""","""Sometimes""","""HND/Bachelor's degree""","""Self-employed / business owner""","""Middle management / skilled / supervisory""","""Rented — flat/apartment""","Cable/satellite TV (DSTV, GOtv, etc.)
Refrigerator
Smartphone","""₦50,000 – ₦150,000""","""1–2""","""Niger"""
345243676,"9.594733, 6.5198732","Aug 26th 2026, 1:44 pm",pending,Christiana Benjamin ,"""yes""","""35–44""","""Female""","""₦70,000 – ₦150,000""","""I decide jointly with a spouse/partner""","""Often""","""HND/Bachelor's degree""","""Self-employed / business owner""","""Middle management / skilled / supervisory""","""Rented — flat/apartment""","Refrigerator
Cable/satellite TV (DSTV, GOtv, etc.)
Computer/laptop
Smartphone
Generator","""₦150,001 – ₦350,000""","""3–4""","""Niger"""
222861709,"4.8442423, 6.9982752","Aug 26th 2026, 1:45 pm",pending,Emmanuel Onyinye Esther,"""yes""","""35–44""","""Female""","""₦30,000 – ₦69,999""","""I decide jointly with a spouse/partner""","""Often""","""HND/Bachelor's degree""","""Employed full-time""","""Senior management / professional (e.g., doctor, lawyer, exec)""","""Rented — flat/apartment""","Car
Generator
Air conditioner
Refrigerator
Cable/satellite TV (DSTV, GOtv, etc.)
Computer/laptop
Smartphone","""₦350,001 – ₦700,000""","""3–4""","""Rivers"""
80586858,"10.4364525, 7.5196166","Aug 26th 2026, 1:47 pm",pending,Zigwai Peter Musa ,"""yes""","""25–34""","""Female""","""₦70,000 – ₦150,000""","""I decide alone""","""Often""","""HND/Bachelor's degree""","""Unemployed""","""Unemployed / none""","""Rented — flat/apartment""","Smartphone
Cable/satellite TV (DSTV, GOtv, etc.)
Refrigerator","""₦50,000 – ₦150,000""","""3–4""","""Kaduna"""
156021885,"10.4364525, 7.5196166","Aug 26th 2026, 1:47 pm",pending,Zigwai Peter Musa ,"""yes""","""25–34""","""Female""","""₦70,000 – ₦150,000""","""I decide alone""","""Often""","""HND/Bachelor's degree""","""Unemployed""","""Unemployed / none""","""Rented — flat/apartment""","Smartphone
Cable/satellite TV (DSTV, GOtv, etc.)","""₦50,000 – ₦150,000""","""3–4""","""Kaduna"""
181693898,"12.4541792, 10.0467628","Aug 26th 2026, 1:48 pm",pending,Asiya adamu maigoro ,"""yes""","""25–34""","""Female""","""₦10,000 – ₦29,999""","""Another household member/head decides""","""Sometimes""","""HND/Bachelor's degree""","""Employed full-time""","""Middle management / skilled / supervisory""","""Living with family / free housing""","Car
Generator
Air conditioner
Refrigerator
Cable/satellite TV (DSTV, GOtv, etc.)
Computer/laptop
Smartphone","""₦50,000 – ₦150,000""","""7+""","""Jigawa"""
216734871,"11.6925786, 11.0903958","Aug 26th 2026, 1:50 pm",pending,SALISU HASSAN,"""yes""","""25–34""","""Male""","""More than ₦150,000""","""I decide jointly with a spouse/partner""","""Sometimes""","""HND/Bachelor's degree""","""Self-employed / business owner""","""Middle management / skilled / supervisory""","""Rented — flat/apartment""","Smartphone
Generator
Cable/satellite TV (DSTV, GOtv, etc.)
Computer/laptop
Refrigerator","""₦150,001 – ₦350,000""","""3–4""","""Yobe"""
260550923,"6.632154600000001, 3.5354992","Aug 26th 2026, 1:52 pm",pending,adejoke,"""yes""","""35–44""","""Female""","""₦30,000 – ₦69,999""","""I decide jointly with a spouse/partner""","""Rarely""","""OND/NCE""","""Employed full-time""","""Middle management / skilled / supervisory""","""Rented — flat/apartment""","Air conditioner
Refrigerator
Cable/satellite TV (DSTV, GOtv, etc.)
Smartphone","""₦350,001 – ₦700,000""","""3–4""","""Ogun"""
268868320,"7.3728234, 3.8584706","Aug 26th 2026, 1:53 pm",pending,Mary Joseph,"""yes""","""25–34""","""Female""","""₦30,000 – ₦69,999""","""Another household member/head decides""","""Rarely""","""HND/Bachelor's degree""","""Employed full-time""","""Senior management / professional (e.g., doctor, lawyer, exec)""","""Rented — flat/apartment""","Generator
Air conditioner
Refrigerator
Cable/satellite TV (DSTV, GOtv, etc.)
Computer/laptop
Smartphone","""₦150,001 – ₦350,000""","""3–4""","""Oyo"""
403169950,"5.1344228, 7.3841447","Aug 26th 2026, 1:57 pm",pending,SOLOMON DAVID ,"""yes""","""35–44""","""Male""","""₦30,000 – ₦69,999""","""I decide jointly with a spouse/partner""","""Sometimes""","""HND/Bachelor's degree""","""Employed full-time""","""Senior management / professional (e.g., doctor, lawyer, exec)""","""Rented — flat/apartment""","Generator
Refrigerator
Computer/laptop
Cable/satellite TV (DSTV, GOtv, etc.)
Smartphone","""₦150,001 – ₦350,000""","""3–4""","""Abia"""
311155625,"12.360245, 9.580075","Aug 26th 2026, 1:58 pm",pending,HAMISU ISYAKU ,"""yes""","""25–34""","""Male""","""₦10,000 – ₦29,999""","""I decide jointly with a spouse/partner""","""Sometimes""","""HND/Bachelor's degree""","""Self-employed / business owner""","""Middle management / skilled / supervisory""","""Living with family / free housing""","Computer/laptop
Smartphone","""₦50,000 – ₦150,000""","""7+""","""Jigawa"""
441048872,"5.1344499, 7.3841096","Aug 26th 2026, 1:58 pm",pending,SOLOMON DAVID ,"""yes""","""35–44""","""Female""","""₦30,000 – ₦69,999""","""I decide alone""","""Rarely""","""HND/Bachelor's degree""","""Employed full-time""","""Middle management / skilled / supervisory""","""Living with family / free housing""","Smartphone
Computer/laptop","""₦50,000 – ₦150,000""","""1–2""","""Abia"""
220428196,"9.6061283, 6.5292967","Aug 26th 2026, 1:58 pm",pending,GLADYS EGHIEKHINA Omuwa ,"""yes""","""35–44""","""Female""","""₦70,000 – ₦150,000""","""I decide jointly with a spouse/partner""","""Often""","""HND/Bachelor's degree""","""Self-employed / business owner""","""Junior staff / semi-skilled""","""Rented — flat/apartment""","Refrigerator
Cable/satellite TV (DSTV, GOtv, etc.)
Smartphone","""₦150,001 – ₦350,000""","""3–4""","""Niger"""
82725235,"7.5205594, 4.5294086","Aug 26th 2026, 1:59 pm",pending,Ewuola Mercy ,"""yes""","""25–34""","""Female""","""₦10,000 – ₦29,999""","""Another household member/head decides""","""Sometimes""","""HND/Bachelor's degree""","""Student""","""Middle management / skilled / supervisory""","""Living with family / free housing""","Generator
Air conditioner
Refrigerator
Cable/satellite TV (DSTV, GOtv, etc.)
Computer/laptop
Smartphone
Car","""₦150,001 – ₦350,000""","""3–4""","""Osun"""
109054752,"7.7778052, 3.9223503","Aug 26th 2026, 2:05 pm",pending,OLADITI TITILOLA ABIBAT ,"""yes""","""35–44""","""Female""","""₦10,000 – ₦29,999""","""I decide jointly with a spouse/partner""","""Sometimes""","""HND/Bachelor's degree""","""Self-employed / business owner""","""Middle management / skilled / supervisory""","""Own home — flat/apartment""","Cable/satellite TV (DSTV, GOtv, etc.)
Computer/laptop
Smartphone","""₦50,000 – ₦150,000""","""3–4""","""Oyo"""
218932451,"7.3991886, 3.9437895","Aug 26th 2026, 2:09 pm",pending,Adewale Kolawole,"""yes""","""35–44""","""Male""","""₦70,000 – ₦150,000""","""I decide alone""","""Often""","""HND/Bachelor's degree""","""Employed part-time""","""Middle management / skilled / supervisory""","""Rented — single room(s) / face-me-I-face-you""","Cable/satellite TV (DSTV, GOtv, etc.)
Refrigerator
Smartphone
Generator","""₦50,000 – ₦150,000""","""3–4""","""Oyo"""
171244512,"10.4349378, 7.5199513","Aug 26th 2026, 2:20 pm",pending,Dorcas parry Desambo ,"""yes""","""25–34""","""Female""","""₦10,000 – ₦29,999""","""I decide jointly with a spouse/partner""","""Always""","""HND/Bachelor's degree""","""Unemployed""","""Unskilled / casual labor""","""Rented — flat/apartment""","Smartphone
Cable/satellite TV (DSTV, GOtv, etc.)","""Below ₦50,000""","""3–4""","""Kaduna"""
153667089,"12.6155455, 9.3856166","Aug 26th 2026, 2:21 pm",pending,Mubarak Alhassan ,"""yes""","""25–34""","""Male""","""₦30,000 – ₦69,999""","""I decide alone""","""Always""","""HND/Bachelor's degree""","""Unemployed""","""Middle management / skilled / supervisory""","""Rented — flat/apartment""","Smartphone
Generator
Cable/satellite TV (DSTV, GOtv, etc.)","""₦50,000 – ₦150,000""","""3–4""","""Jigawa"""
296386382,"5.5255468, 5.7647401","Aug 26th 2026, 2:24 pm",pending,Edesiri Okolosi ,"""yes""","""25–34""","""Female""","""₦30,000 – ₦69,999""","""I decide alone""","""Sometimes""","""HND/Bachelor's degree""","""Employed part-time""","""Middle management / skilled / supervisory""","""Rented — flat/apartment""","Smartphone
Generator
Refrigerator","""₦150,001 – ₦350,000""","""3–4""","""Delta"""
290075111,"6.617056, 3.5374718","Aug 26th 2026, 2:31 pm",pending,Iyabo ,"""yes""","""35–44""","""Female""","""₦10,000 – ₦29,999""","""I decide jointly with a spouse/partner""","""Often""","""HND/Bachelor's degree""","""Self-employed / business owner""","""Middle management / skilled / supervisory""","""Rented — flat/apartment""","Refrigerator
Air conditioner
Cable/satellite TV (DSTV, GOtv, etc.)
Computer/laptop
Smartphone","""₦150,001 – ₦350,000""","""3–4""","""Oyo"""
182362415,"5.039452, 8.3545391","Aug 26th 2026, 2:33 pm",pending,Modey Catherine ,"""yes""","""25–34""","""Female""","""₦70,000 – ₦150,000""","""I decide jointly with a spouse/partner""","""Sometimes""","""HND/Bachelor's degree""","""Student""","""Unemployed / none""","""Rented — flat/apartment""","Generator
Refrigerator
Cable/satellite TV (DSTV, GOtv, etc.)
Computer/laptop
Smartphone","""₦150,001 – ₦350,000""","""3–4""","""Cross River"""
354518671,"10.0604433, 9.0963368","Aug 26th 2026, 2:33 pm",pending,Rejoice Bala,"""yes""","""35–44""","""Female""","""₦10,000 – ₦29,999""","""I decide jointly with a spouse/partner""","""Sometimes""","""OND/NCE""","""Self-employed / business owner""","""Junior staff / semi-skilled""","""Rented — flat/apartment""","Refrigerator
Smartphone
Cable/satellite TV (DSTV, GOtv, etc.)","""₦50,000 – ₦150,000""","""3–4""","""Bauchi"""
104774694,"5.039452, 8.3545391","Aug 26th 2026, 2:34 pm",pending,Modey Catherine ,"""yes""","""25–34""","""Female""","""₦70,000 – ₦150,000""","""I decide jointly with a spouse/partner""","""Sometimes""","""HND/Bachelor's degree""","""Student""","""Unemployed / none""","""Rented — flat/apartment""","Generator
Refrigerator
Cable/satellite TV (DSTV, GOtv, etc.)
Computer/laptop
Smartphone","""₦150,001 – ₦350,000""","""3–4""","""Cross River"""
242549861,"5.039452, 8.3545391","Aug 26th 2026, 2:34 pm",pending,Modey Catherine ,"""yes""","""25–34""","""Female""","""₦70,000 – ₦150,000""","""I decide jointly with a spouse/partner""","""Sometimes""","""HND/Bachelor's degree""","""Student""","""Unemployed / none""","""Rented — flat/apartment""","Generator
Refrigerator
Cable/satellite TV (DSTV, GOtv, etc.)
Computer/laptop
Smartphone","""₦150,001 – ₦350,000""","""3–4""","""Cross River"""
398342195,"9.6032563, 6.5340435","Aug 26th 2026, 2:37 pm",pending,Aisha Ibrahim Tukur ,"""yes""","""25–34""","""Female""","""₦30,000 – ₦69,999""","""I decide jointly with a spouse/partner""","""Sometimes""","""OND/NCE""","""Employed part-time""","""Middle management / skilled / supervisory""","""Own home — flat/apartment""","Refrigerator
Cable/satellite TV (DSTV, GOtv, etc.)
Smartphone","""₦50,000 – ₦150,000""","""3–4""","""Niger"""
95742001,"11.9303183, 8.560965","Aug 26th 2026, 2:44 pm",pending,suleiman Umar Ibrahim ,"""yes""","""25–34""","""Male""","""₦10,000 – ₦29,999""","""I decide jointly with a spouse/partner""","""Sometimes""","""HND/Bachelor's degree""","""Self-employed / business owner""","""Middle management / skilled / supervisory""","""Living with family / free housing""",Smartphone,"""₦50,000 – ₦150,000""","""3–4""","""Kano"""
390505685,"6.7482071, 4.879384","Aug 26th 2026, 2:48 pm",pending,Elizabeth okorie ,"""yes""","""18–24""","""Female""","""₦10,000 – ₦29,999""","""I am not involved in these decisions""","""Rarely""","""Secondary""","""Student""","""Unskilled / casual labor""","""Rented — flat/apartment""","Cable/satellite TV (DSTV, GOtv, etc.)
Refrigerator
Generator
Smartphone","""₦350,001 – ₦700,000""","""7+""","""Ondo"""
81992877,"6.6233219, 3.5469554","Aug 26th 2026, 2:53 pm",pending,Falilat Okikiola ,"""yes""","""25–34""","""Female""","""₦30,000 – ₦69,999""","""I decide alone""","""Often""","""OND/NCE""","""Self-employed / business owner""","""Unskilled / casual labor""","""Rented — flat/apartment""","Generator
Refrigerator
Cable/satellite TV (DSTV, GOtv, etc.)","""₦50,000 – ₦150,000""","""5–6""","""Lagos"""
155019375,"13.0464988, 5.2365215","Aug 26th 2026, 2:55 pm",pending,Garba Muhammad ,"""yes""","""35–44""","""Male""","""₦10,000 – ₦29,999""","""I decide jointly with a spouse/partner""","""Often""","""HND/Bachelor's degree""","""Employed full-time""","""Middle management / skilled / supervisory""","""Own home — flat/apartment""","Car
Refrigerator
Cable/satellite TV (DSTV, GOtv, etc.)
Computer/laptop
Smartphone","""₦150,001 – ₦350,000""","""1–2""","""Sokoto"""
20415079,"8.9993558, 7.6307702","Aug 26th 2026, 3:01 pm",pending,Ako ,"""yes""","""45–54""","""Male""","""₦30,000 – ₦69,999""","""I decide jointly with a spouse/partner""","""Sometimes""","""HND/Bachelor's degree""","""Employed part-time""","""Middle management / skilled / supervisory""","""Rented — flat/apartment""","Car
Generator
Refrigerator
Cable/satellite TV (DSTV, GOtv, etc.)
Computer/laptop
Smartphone
Air conditioner","""₦350,001 – ₦700,000""","""5–6""","""Nasarawa"""
131002741,"6.3422883, 5.6281717","Aug 26th 2026, 3:02 pm",pending,Monye,"""yes""","""25–34""","""Female""","""₦30,000 – ₦69,999""","""I decide alone""","""Sometimes""","""HND/Bachelor's degree""","""Employed full-time""","""Senior management / professional (e.g., doctor, lawyer, exec)""","""Living with family / free housing""","Generator
Air conditioner
Refrigerator
Computer/laptop
Smartphone
Cable/satellite TV (DSTV, GOtv, etc.)","""₦150,001 – ₦350,000""","""7+""","""Edo"""
148641408,"6.4717352, 3.6917082","Aug 26th 2026, 3:03 pm",pending,"EKANEM, IDONGESIT UDOFIA","""yes""","""25–34""","""Female""","""₦30,000 – ₦69,999""","""I decide jointly with a spouse/partner""","""Always""","""HND/Bachelor's degree""","""Unemployed""","""Junior staff / semi-skilled""","""Rented — flat/apartment""","Smartphone
Refrigerator
Generator
Cable/satellite TV (DSTV, GOtv, etc.)","""₦150,001 – ₦350,000""","""1–2""","""Lagos"""
429140725,"7.41317, 3.8109183","Aug 26th 2026, 3:10 pm",pending,Adedayo Isiaka ,"""yes""","""35–44""","""Male""","""₦10,000 – ₦29,999""","""I decide jointly with a spouse/partner""","""Often""","""HND/Bachelor's degree""","""Self-employed / business owner""","""Senior management / professional (e.g., doctor, lawyer, exec)""","""Rented — flat/apartment""","Air conditioner
Computer/laptop
Smartphone","""₦50,000 – ₦150,000""","""3–4""","""Oyo"""
200608639,"9.1797169, 7.2198711","Aug 26th 2026, 3:25 pm",pending,Samuel Nathaniel ,"""yes""","""35–44""","""Male""","""₦10,000 – ₦29,999""","""Another household member/head decides""","""Sometimes""","""HND/Bachelor's degree""","""Unemployed""","""Junior staff / semi-skilled""","""Rented — flat/apartment""","Smartphone
Refrigerator","""Below ₦50,000""","""3–4""","""FCT (Abuja)"""
426755401,"10.2637579, 9.7898603","Aug 26th 2026, 3:29 pm",pending,Nuhu Futhai Makut,"""yes""","""35–44""","""Male""","""More than ₦150,000""","""I decide jointly with a spouse/partner""","""Always""","""Postgraduate""","""Employed full-time""","""Junior staff / semi-skilled""","""Own home — flat/apartment""","Cable/satellite TV (DSTV, GOtv, etc.)
Computer/laptop
Smartphone
Refrigerator
Generator
Air conditioner","""₦350,001 – ₦700,000""","""3–4""","""Bauchi"""
394613691,"12.1576927, 6.6666022","Aug 26th 2026, 3:34 pm",pending,Hindatu Abubakar,"""yes""","""35–44""","""Female""","""₦30,000 – ₦69,999""","""I decide jointly with a spouse/partner""","""Always""","""HND/Bachelor's degree""","""Self-employed / business owner""","""Senior management / professional (e.g., doctor, lawyer, exec)""","""Own home — flat/apartment""","Car
Generator
Refrigerator
Cable/satellite TV (DSTV, GOtv, etc.)
Computer/laptop
Smartphone","""₦150,001 – ₦350,000""","""5–6""","""Zamfara"""
127536208,"11.8350455, 13.0852121","Aug 26th 2026, 3:36 pm",pending,Amina Mohammed sabo ,"""yes""","""25–34""","""Female""","""₦70,000 – ₦150,000""","""I decide jointly with a spouse/partner""","""Sometimes""","""OND/NCE""","""Self-employed / business owner""","""Unskilled / casual labor""","""Rented — flat/apartment""","Smartphone
Cable/satellite TV (DSTV, GOtv, etc.)
Refrigerator
Air conditioner
Generator","""₦150,001 – ₦350,000""","""5–6""","""Borno"""
122812958,"6.6562206, 3.2472644","Aug 26th 2026, 3:42 pm",pending,Blessing,"""yes""","""25–34""","""Female""","""₦70,000 – ₦150,000""","""I decide jointly with a spouse/partner""","""Always""","""HND/Bachelor's degree""","""Employed full-time""","""Middle management / skilled / supervisory""","""Rented — flat/apartment""","Car
Generator
Refrigerator
Cable/satellite TV (DSTV, GOtv, etc.)
Computer/laptop
Smartphone","""₦350,001 – ₦700,000""","""5–6""","""Lagos"""
396033364,"5.1936163, 7.7250359","Aug 26th 2026, 3:49 pm",pending,Unyime Thompson,"""yes""","""18–24""","""Female""","""₦30,000 – ₦69,999""","""Another household member/head decides""","""Sometimes""","""Secondary""","""Employed full-time""","""Middle management / skilled / supervisory""","""Living with family / free housing""","Generator
Smartphone","""Below ₦50,000""","""1–2""","""Akwa Ibom"""
174961962,"11.8335012, 13.0797609","Aug 26th 2026, 3:49 pm",pending,mustapha Abubakar ,"""yes""","""35–44""","""Male""","""₦70,000 – ₦150,000""","""I decide jointly with a spouse/partner""","""Sometimes""","""HND/Bachelor's degree""","""Self-employed / business owner""","""Middle management / skilled / supervisory""","""Own home — flat/apartment""","Cable/satellite TV (DSTV, GOtv, etc.)
Refrigerator
Generator
Air conditioner
Car
Computer/laptop
Smartphone","""₦150,001 – ₦350,000""","""3–4""","""Borno"""
262309378,"6.5034038, 3.3675894","Aug 26th 2026, 3:55 pm",pending,Olatujoye Oluwasetemi ,"""yes""","""18–24""","""Female""","""₦70,000 – ₦150,000""","""I decide alone""","""Sometimes""","""HND/Bachelor's degree""","""Self-employed / business owner""","""Senior management / professional (e.g., doctor, lawyer, exec)""","""Own home — flat/apartment""","Generator
Smartphone
Cable/satellite TV (DSTV, GOtv, etc.)","""₦350,001 – ₦700,000""","""7+""","""Lagos"""
492000058,"10.2698444, 11.1674947","Aug 26th 2026, 3:56 pm",pending,SANI BELLO ,"""yes""","""25–34""","""Male""","""₦10,000 – ₦29,999""","""I decide jointly with a spouse/partner""","""Often""","""HND/Bachelor's degree""","""Self-employed / business owner""","""Middle management / skilled / supervisory""","""Rented — flat/apartment""","Computer/laptop
Smartphone
Refrigerator","""₦150,001 – ₦350,000""","""5–6""","""Gombe"""
13042650,"8.9169835, 7.5633674","Aug 26th 2026, 4:01 pm",pending,Orluwene Blessing Mgbechi ,"""yes""","""45–54""","""Female""","""₦70,000 – ₦150,000""","""I decide jointly with a spouse/partner""","""Often""","""HND/Bachelor's degree""","""Employed full-time""","""Senior management / professional (e.g., doctor, lawyer, exec)""","""Own home — flat/apartment""","Generator
Air conditioner
Refrigerator
Cable/satellite TV (DSTV, GOtv, etc.)
Computer/laptop
Smartphone","""₦150,001 – ₦350,000""","""5–6""","""FCT (Abuja)"""
468651836,"11.5491048, 10.9933559","Aug 26th 2026, 4:08 pm",pending,Yahaya Agwam ,"""yes""","""25–34""","""Male""","""₦10,000 – ₦29,999""","""I decide jointly with a spouse/partner""","""Rarely""","""HND/Bachelor's degree""","""Employed part-time""","""Middle management / skilled / supervisory""","""Living with family / free housing""","Refrigerator
Cable/satellite TV (DSTV, GOtv, etc.)
Computer/laptop
Smartphone
Generator","""₦50,000 – ₦150,000""","""3–4""","""Yobe"""
94905697,"8.1947604, 4.7395567","Aug 26th 2026, 4:35 pm",pending,Stella Onifade ,"""yes""","""25–34""","""Female""","""Less than ₦10,000""","""I decide jointly with a spouse/partner""","""Often""","""HND/Bachelor's degree""","""Employed full-time""","""Middle management / skilled / supervisory""","""Rented — single room(s) / face-me-I-face-you""","Cable/satellite TV (DSTV, GOtv, etc.)
Computer/laptop
Smartphone","""₦50,000 – ₦150,000""","""3–4""","""Kwara"""
170473763,"10.2867988, 11.1063638","Aug 26th 2026, 4:39 pm",pending,Beatrice bome butacks ,"""yes""","""25–34""","""Female""","""₦10,000 – ₦29,999""","""I decide jointly with a spouse/partner""","""Sometimes""","""HND/Bachelor's degree""","""Unemployed""","""Unemployed / none""","""Rented — single room(s) / face-me-I-face-you""",Smartphone,"""Below ₦50,000""","""5–6""","""Gombe"""
291776882,"9.8993413, 11.2148147","Aug 26th 2026, 4:47 pm",pending,joy yusuf Bello ,"""yes""","""25–34""","""Female""","""₦10,000 – ₦29,999""","""I am not involved in these decisions""","""Sometimes""","""OND/NCE""","""Student""","""Senior management / professional (e.g., doctor, lawyer, exec)""","""Living with family / free housing""","Smartphone
Cable/satellite TV (DSTV, GOtv, etc.)
Air conditioner
Refrigerator","""₦350,001 – ₦700,000""","""5–6""","""Gombe"""
195228792,"10.3115717, 11.1739167","Aug 26th 2026, 4:47 pm",pending,umais,"""yes""","""35–44""","""Female""","""₦10,000 – ₦29,999""","""I decide jointly with a spouse/partner""","""Sometimes""","""Postgraduate""","""Self-employed / business owner""","""Middle management / skilled / supervisory""","""Own home — flat/apartment""","Cable/satellite TV (DSTV, GOtv, etc.)
Refrigerator
Computer/laptop
Smartphone
Air conditioner
Car","""₦150,001 – ₦350,000""","""5–6""","""Gombe"""
482607604,"6.9416267, 3.5347717","Aug 26th 2026, 4:49 pm",pending,talk2ibks@gmail. Com,"""yes""","""35–44""","""Female""","""₦10,000 – ₦29,999""","""I decide jointly with a spouse/partner""","""Sometimes""","""Postgraduate""","""Employed full-time""","""Senior management / professional (e.g., doctor, lawyer, exec)""","""Own home — flat/apartment""","Car
Refrigerator
Cable/satellite TV (DSTV, GOtv, etc.)
Computer/laptop
Smartphone","""₦150,001 – ₦350,000""","""3–4""","""Osun"""
318181061,"10.3110606, 11.1745986","Aug 26th 2026, 4:55 pm",pending,sunusi,"""yes""","""25–34""","""Male""","""₦70,000 – ₦150,000""","""I decide jointly with a spouse/partner""","""Sometimes""","""OND/NCE""","""Student""","""Unemployed / none""","""Living with family / free housing""",Smartphone,"""Below ₦50,000""","""3–4""","""Gombe"""
374053287,"10.3110843, 11.1747885","Aug 26th 2026, 4:55 pm",pending,sunusi,"""yes""","""25–34""","""Male""","""₦70,000 – ₦150,000""","""I decide jointly with a spouse/partner""","""Sometimes""","""OND/NCE""","""Student""","""Junior staff / semi-skilled""","""Own home — detached house/duplex""",Smartphone,"""Below ₦50,000""","""3–4""","""Gombe"""
229603573,"11.9642248, 8.5861541","Aug 26th 2026, 5:05 pm",pending,Khadija Sani koguna ,"""yes""","""25–34""","""Female""","""₦10,000 – ₦29,999""","""I decide jointly with a spouse/partner""","""Often""","""HND/Bachelor's degree""","""Self-employed / business owner""","""Middle management / skilled / supervisory""","""Living with family / free housing""","Computer/laptop
Cable/satellite TV (DSTV, GOtv, etc.)
Refrigerator
Smartphone","""₦150,001 – ₦350,000""","""7+""","""Kano"""
285506396,"10.3116188, 11.1739006","Aug 26th 2026, 5:08 pm",pending,umais,"""yes""","""35–44""","""Female""","""₦10,000 – ₦29,999""","""I decide jointly with a spouse/partner""","""Sometimes""","""Postgraduate""","""Self-employed / business owner""","""Middle management / skilled / supervisory""","""Own home — flat/apartment""","Car
Air conditioner
Refrigerator
Cable/satellite TV (DSTV, GOtv, etc.)
Smartphone
Computer/laptop","""₦150,001 – ₦350,000""","""5–6""","""Gombe"""
91935184,"10.8224052, 10.7721681","Aug 26th 2026, 5:10 pm",pending,Rabiu Dikko ,"""yes""","""25–34""","""Female""","""₦30,000 – ₦69,999""","""I decide jointly with a spouse/partner""","""Often""","""OND/NCE""","""Self-employed / business owner""","""Middle management / skilled / supervisory""","""Own home — flat/apartment""","Smartphone
Refrigerator","""₦50,000 – ₦150,000""","""3–4""","""Gombe"""
439190388,"10.3118044, 11.173928","Aug 26th 2026, 5:14 pm",pending,Mahmud ,"""yes""","""35–44""","""Male""","""₦10,000 – ₦29,999""","""I decide jointly with a spouse/partner""","""Sometimes""","""HND/Bachelor's degree""","""Self-employed / business owner""","""Middle management / skilled / supervisory""","""Own home — flat/apartment""","Cable/satellite TV (DSTV, GOtv, etc.)
Computer/laptop
Smartphone","""₦50,000 – ₦150,000""","""5–6""","""Gombe"""
134153093,"6.63455, 3.1534717","Aug 26th 2026, 5:15 pm",pending,faridat,"""yes""","""18–24""","""Female""","""₦70,000 – ₦150,000""","""I decide alone""","""Often""","""HND/Bachelor's degree""","""Student""","""Unemployed / none""","""Living with family / free housing""","Generator
Smartphone
Cable/satellite TV (DSTV, GOtv, etc.)","""₦150,001 – ₦350,000""","""1–2""","""Ogun"""
251322509,"7.6571915, 6.3683161","Aug 26th 2026, 5:23 pm",pending,Oboroujah Ibrahim Itopa ,"""yes""","""18–24""","""Male""","""₦10,000 – ₦29,999""","""I decide alone""","""Often""","""HND/Bachelor's degree""","""Unemployed""","""Middle management / skilled / supervisory""","""Rented — flat/apartment""",Computer/laptop,"""₦50,000 – ₦150,000""","""3–4""","""Kogi"""
79258580,"11.7230912, 11.9690166","Aug 26th 2026, 5:23 pm",pending,Haruna Suleiman Maina ,"""yes""","""25–34""","""Male""","""₦10,000 – ₦29,999""","""I decide jointly with a spouse/partner""","""Sometimes""","""HND/Bachelor's degree""","""Unemployed""","""Middle management / skilled / supervisory""","""Rented — flat/apartment""","Smartphone
Cable/satellite TV (DSTV, GOtv, etc.)","""₦50,000 – ₦150,000""","""5–6""","""Yobe"""
81953007,"4.9564317, 6.9993867","Aug 26th 2026, 5:44 pm",pending,Ike Blessing ,"""yes""","""25–34""","""Female""","""₦10,000 – ₦29,999""","""Another household member/head decides""","""Sometimes""","""HND/Bachelor's degree""","""Self-employed / business owner""","""Middle management / skilled / supervisory""","""Rented — flat/apartment""","Car
Generator
Air conditioner
Refrigerator
Cable/satellite TV (DSTV, GOtv, etc.)
Computer/laptop
Smartphone","""₦150,001 – ₦350,000""","""5–6""","""Rivers"""
154052936,"4.9070233, 6.3101249","Aug 26th 2026, 5:47 pm",pending,Peter Dowell Owutuamor ,"""yes""","""35–44""","""Male""","""₦70,000 – ₦150,000""","""I decide alone""","""Sometimes""","""Postgraduate""","""Employed part-time""","""Middle management / skilled / supervisory""","""Rented — flat/apartment""","Smartphone
Cable/satellite TV (DSTV, GOtv, etc.)
Computer/laptop","""₦150,001 – ₦350,000""","""1–2""","""Bayelsa"""
209570996,"8.8692378, 7.2547983","Aug 26th 2026, 6:29 pm",pending,Iyange Anenge Andrew ,"""yes""","""25–34""","""Male""","""More than ₦150,000""","""I decide jointly with a spouse/partner""","""Often""","""HND/Bachelor's degree""","""Employed full-time""","""Junior staff / semi-skilled""","""Rented — flat/apartment""","Generator
Refrigerator
Cable/satellite TV (DSTV, GOtv, etc.)
Smartphone","""₦150,001 – ₦350,000""","""3–4""","""FCT (Abuja)"""
339584130,"9.0128346, 7.6270182","Aug 26th 2026, 7:10 pm",pending,Blessing Abah ,"""yes""","""35–44""","""Female""","""₦70,000 – ₦150,000""","""I decide jointly with a spouse/partner""","""Often""","""HND/Bachelor's degree""","""Self-employed / business owner""","""Unemployed / none""","""Rented — flat/apartment""","Air conditioner
Generator
Refrigerator
Cable/satellite TV (DSTV, GOtv, etc.)
Computer/laptop
Smartphone","""₦150,001 – ₦350,000""","""5–6""","""Nasarawa"""
409022779,"10.7729053, 11.4000376","Aug 26th 2026, 7:15 pm",pending,Usman Haladu ,"""yes""","""25–34""","""Male""","""₦10,000 – ₦29,999""","""Another household member/head decides""","""Often""","""HND/Bachelor's degree""","""Self-employed / business owner""","""Middle management / skilled / supervisory""","""Living with family / free housing""","Generator
Smartphone
Computer/laptop
Car
Air conditioner
Refrigerator","""Below ₦50,000""","""3–4""","""Gombe"""
259737504,"4.9336068, 6.3115977","Aug 26th 2026, 7:44 pm",pending,Godwill Tama Jeffrey ,"""yes""","""25–34""","""Male""","""₦30,000 – ₦69,999""","""I decide alone""","""Rarely""","""HND/Bachelor's degree""","""Self-employed / business owner""","""Middle management / skilled / supervisory""","""Rented — flat/apartment""","Smartphone
Computer/laptop
Generator","""₦150,001 – ₦350,000""","""1–2""","""Bayelsa"""
117684768,"13.0021928, 7.6179447","Aug 26th 2026, 7:59 pm",pending,Fatima Abubakar Abe ,"""yes""","""35–44""","""Female""","""₦10,000 – ₦29,999""","""I decide alone""","""Often""","""Postgraduate""","""Employed full-time""","""Senior management / professional (e.g., doctor, lawyer, exec)""","""Own home — flat/apartment""","Generator
Air conditioner
Refrigerator
Cable/satellite TV (DSTV, GOtv, etc.)
Computer/laptop
Smartphone","""₦350,001 – ₦700,000""","""5–6""","""Katsina"""
307220321,"7.1425871, 3.4317457","Aug 26th 2026, 8:04 pm",pending,Kadeji Precious ,"""yes""","""25–34""","""Male""","""₦30,000 – ₦69,999""","""I decide jointly with a spouse/partner""","""Rarely""","""HND/Bachelor's degree""","""Self-employed / business owner""","""Middle management / skilled / supervisory""","""Rented — flat/apartment""","Generator
Refrigerator
Cable/satellite TV (DSTV, GOtv, etc.)
Computer/laptop
Smartphone","""₦150,001 – ₦350,000""","""1–2""","""Ogun"""
21786746,"9.6868961, 8.7527015","Aug 26th 2026, 9:03 pm",pending,DAVOU WENG ILIYA ,"""yes""","""35–44""","""Male""","""Less than ₦10,000""","""I decide jointly with a spouse/partner""","""Sometimes""","""HND/Bachelor's degree""","""Employed full-time""","""Middle management / skilled / supervisory""","""Own home — flat/apartment""","Generator
Smartphone
Refrigerator","""₦50,000 – ₦150,000""","""5–6""","""Plateau"""
253103521,"7.218735, 5.5452086","Aug 26th 2026, 9:20 pm",pending,Makanjuola ,"""yes""","""25–34""","""Male""","""₦30,000 – ₦69,999""","""I decide alone""","""Always""","""HND/Bachelor's degree""","""Employed part-time""","""Junior staff / semi-skilled""","""Rented — flat/apartment""","Computer/laptop
Smartphone","""₦150,001 – ₦350,000""","""1–2""","""Ondo"""
251539780,"9.1658658, 7.3899838","Aug 27th 2026, 4:08 am",pending,sasah Wada Chiroma ,"""yes""","""35–44""","""Female""","""₦10,000 – ₦29,999""","""Another household member/head decides""","""Often""","""HND/Bachelor's degree""","""Self-employed / business owner""","""Senior management / professional (e.g., doctor, lawyer, exec)""","""Rented — flat/apartment""","Car
Refrigerator
Cable/satellite TV (DSTV, GOtv, etc.)
Computer/laptop
Smartphone","""₦50,000 – ₦150,000""","""3–4""","""FCT (Abuja)"""
255982957,"10.8219848, 10.7661467","Aug 27th 2026, 5:36 am",pending,Sangir Yau Saad ,"""yes""","""25–34""","""Male""","""₦10,000 – ₦29,999""","""I decide alone""","""Always""","""HND/Bachelor's degree""","""Self-employed / business owner""","""Middle management / skilled / supervisory""","""Living with family / free housing""","Air conditioner
Cable/satellite TV (DSTV, GOtv, etc.)
Computer/laptop
Smartphone
Refrigerator","""₦50,000 – ₦150,000""","""7+""","""Gombe"""
229417298,"10.8219848, 10.7661467","Aug 27th 2026, 5:36 am",pending,Sangir Yau Saad ,"""yes""","""25–34""","""Female""","""Less than ₦10,000""","""I decide jointly with a spouse/partner""","""Sometimes""","""OND/NCE""","""Self-employed / business owner""","""Middle management / skilled / supervisory""","""Own home — detached house/duplex""","Cable/satellite TV (DSTV, GOtv, etc.)
Smartphone
Refrigerator","""Below ₦50,000""","""5–6""","""Gombe"""
276657135,"9.889682, 11.225498","Aug 27th 2026, 6:01 am",pending,Ayuba Lisiyas ,"""yes""","""25–34""","""Male""","""₦10,000 – ₦29,999""","""Another household member/head decides""","""Sometimes""","""HND/Bachelor's degree""","""Unemployed""","""Middle management / skilled / supervisory""","""Own home — flat/apartment""","Cable/satellite TV (DSTV, GOtv, etc.)
Computer/laptop
Smartphone
Refrigerator
Generator","""₦150,001 – ₦350,000""","""3–4""","""Gombe"""
248902009,"11.9921871, 8.5759947","Aug 27th 2026, 6:19 am",pending,penninah Yakubu ,"""yes""","""25–34""","""Female""","""₦10,000 – ₦29,999""","""I decide alone""","""Sometimes""","""HND/Bachelor's degree""","""Employed part-time""","""Junior staff / semi-skilled""","""Rented — flat/apartment""",Smartphone,"""₦50,000 – ₦150,000""","""3–4""","""Kano"""
385936094,"9.3444201, 9.3948891","Aug 27th 2026, 8:20 am",pending,Gideon izang Daniel ,"""yes""","""45–54""","""Female""","""₦10,000 – ₦29,999""","""I decide jointly with a spouse/partner""","""Sometimes""","""OND/NCE""","""Unemployed""","""Middle management / skilled / supervisory""","""Rented — single room(s) / face-me-I-face-you""","Smartphone
Cable/satellite TV (DSTV, GOtv, etc.)
Generator","""₦50,000 – ₦150,000""","""3–4""","""Plateau"""
401790330,"9.3443901, 9.394825","Aug 27th 2026, 8:20 am",pending,Gideon izang Daniel ,"""yes""","""35–44""","""Male""","""₦30,000 – ₦69,999""","""I decide jointly with a spouse/partner""","""Sometimes""","""OND/NCE""","""Student""","""Middle management / skilled / supervisory""","""Rented — single room(s) / face-me-I-face-you""","Smartphone
Cable/satellite TV (DSTV, GOtv, etc.)","""₦50,000 – ₦150,000""","""3–4""","""Plateau"""
285590184,"9.3394762, 9.3907534","Aug 27th 2026, 8:21 am",pending,Gideon izang Daniel ,"""yes""","""35–44""","""Female""","""₦30,000 – ₦69,999""","""Another household member/head decides""","""Sometimes""","""OND/NCE""","""Self-employed / business owner""","""Middle management / skilled / supervisory""","""Rented — single room(s) / face-me-I-face-you""","Smartphone
Cable/satellite TV (DSTV, GOtv, etc.)
Generator","""₦50,000 – ₦150,000""","""3–4""","""Plateau"""